Partido,Fecha_Hora_Colombia,Mercado,Mejor_Cuota,Cuota_Promedio_Mercado,BDI_jsd_fair,BDI_n_bookmakers_fair,BDI_std_p_fair,BDI_mad_p_fair,BDI_jsd,BDI_n_bookmakers,BDI_std_p,BDI_mad_p,Mejor_Casa,Num_Casas,Diferencia_Cuota_Promedio,Volatilidad_Pct,Margen_Casa_Pct,Liga,Tipo_Mercado,Score_Final,Todas_Las_Cuotas
Parma vs Inter Milan,2026-01-07 14:45:00,1X,3.4967,3.1293,,,,,0.00029825610064681017,37,0.018990220679676147,0.015161809859757305,betfair_ex_eu,37,0.3674,5.91,0.03,Serie A,Doble Chance,180.6667,betfair_ex_eu:3.4967; betfair_ex_au:3.4967; betfair_ex_uk:3.4967; smarkets:3.3891; unibet_nl:3.3158; unibet_se:3.3158; leovegas_se:3.2553; casumo:3.2553; unibet:3.2553; tabtouch:3.2553; grosvenor:3.2553; coolbet:3.211; pinnacle:3.2079; fanduel:3.1875; nordicbet:3.168; betsson:3.168; tipico_de:3.1481; leovegas:3.1481; virginbet:3.1481; marathonbet:3.1253; codere_it:3.12; bovada:3.112; paddypower:3.0769; tab:3.0769; winamax_de:3.0357; betclic_fr:3.0357; unibet_uk:3.0; skybet:3.0; pointsbetau:3.0; betway:3.0; ladbrokes_uk:2.9268; coral:2.9268; betmgm:2.9268; winamax_fr:2.8475; draftkings:2.8475; sport888:2.7759; williamhill:2.7759
Parma vs Inter Milan,2026-01-07 14:45:00,X2,1.1159,1.0734,,,,,0.0010169943468197678,37,0.018741331307444074,0.01564464102347817,betfair_ex_eu,37,0.0425,2.02,0.03,Serie A,Doble Chance,180.6667,betfair_ex_eu:1.1159; betfair_ex_au:1.1159; betfair_ex_uk:1.1159; codere_it:1.103; coolbet:1.1021; smarkets:1.1012; pinnacle:1.0958; pointsbetau:1.0938; marathonbet:1.09; ladbrokes_uk:1.0839; coral:1.0839; betmgm:1.0839; betway:1.0815; unibet_nl:1.0802; unibet_se:1.0802; bovada:1.078; unibet_uk:1.0754; fanduel:1.0737; winamax_de:1.0737; sport888:1.0733; betclic_fr:1.0674; tipico_de:1.063; tab:1.063; nordicbet:1.0607; betsson:1.0607; draftkings:1.0597; leovegas_se:1.0549; casumo:1.0549; unibet:1.0549; tabtouch:1.0549; grosvenor:1.0549; paddypower:1.0506; williamhill:1.0497; winamax_fr:1.0476; leovegas:1.0443; skybet:1.0414; virginbet:1.0317
Napoli vs Hellas Verona,2026-01-07 12:30:00,1X,1.0928,1.0517,,,,,0.0014217327150400296,37,0.018729467751512012,0.014944974879549494,betfair_ex_uk,37,0.0411,1.98,0.21,Serie A,Doble Chance,25.7143,betfair_ex_uk:1.0928; betfair_ex_au:1.0928; betfair_ex_eu:1.0928; coolbet:1.0906; pinnacle:1.081; smarkets:1.078; bovada:1.0696; marathonbet:1.0645; codere_it:1.0597; ladbrokes_uk:1.0597; coral:1.0597; betmgm:1.0597; pointsbetau:1.0573; unibet_nl:1.0573; unibet_se:1.0573; winamax_de:1.0549; nordicbet:1.0545; betsson:1.0545; tipico_de:1.0528; unibet_uk:1.0512; betway:1.0512; sport888:1.0497; fanduel:1.0486; williamhill:1.0437; draftkings:1.0377; betclic_fr:1.0337; tab:1.0329; paddypower:1.0317; casumo:1.0317; leovegas_se:1.0317; unibet:1.0317; tabtouch:1.0317; grosvenor:1.0317; winamax_fr:1.0291; skybet:1.023; leovegas:1.0206; virginbet:1.0136
Napoli vs Hellas Verona,2026-01-07 12:30:00,X2,3.6746,3.228,,,,,0.00022253713991015632,37,0.01615691245197164,0.01179969584639596,betfair_ex_uk,37,0.4466,5.45,0.21,Serie A,Doble Chance,25.7143,betfair_ex_uk:3.6746; betfair_ex_au:3.6746; betfair_ex_eu:3.6746; smarkets:3.5309; paddypower:3.3333; unibet_nl:3.3175; unibet_se:3.3175; pinnacle:3.2989; tipico_de:3.2958; nordicbet:3.2888; betsson:3.2888; marathonbet:3.2886; coolbet:3.2616; betclic_fr:3.2611; fanduel:3.2553; bovada:3.207; casumo:3.1987; leovegas_se:3.1987; unibet:3.1987; tabtouch:3.1987; grosvenor:3.1987; skybet:3.1888; winamax_de:3.1875; codere_it:3.1775; unibet_uk:3.1667; virginbet:3.1507; leovegas:3.15; coral:3.1304; betway:3.1091; tab:3.1091; betmgm:3.0996; ladbrokes_uk:3.0677; pointsbetau:3.0472; winamax_fr:3.0; williamhill:2.9847; draftkings:2.9847; sport888:2.9206
Rangers vs Aberdeen,2026-01-06 15:00:00,1X,1.1571,1.1111,,,,,0.0004943790724236149,32,0.015686569587734255,0.012345556576009744,smarkets,32,0.046,1.75,0.31,Premiership,Doble Chance,19.5806,smarkets:1.1571; betfair_ex_uk:1.1462; betfair_ex_au:1.1462; betfair_ex_eu:1.1462; coral:1.125; draftkings:1.1215; pinnacle:1.1203; codere_it:1.1194; ladbrokes_uk:1.1186; coolbet:1.1186; betmgm:1.1186; leovegas:1.1176; unibet:1.1176; unibet_se:1.1176; unibet_nl:1.1176; betway:1.1141; pointsbetau:1.1087; tabtouch:1.1087; grosvenor:1.1087; casumo:1.1087; williamhill:1.1053; sport888:1.0989; marathonbet:1.0977; nordicbet:1.0964; betsson:1.0964; leovegas_se:1.0944; bovada:1.0924; paddypower:1.0909; virginbet:1.0889; fanduel:1.0875; tipico_de:1.0779; skybet:1.0723
Torino vs Udinese,2026-01-07 14:45:00,1X,1.3714,1.3093,,,,,0.0002729223514770085,37,0.016567723144978834,0.01314097032019493,betfair_ex_eu,37,0.0621,2.19,0.31,Serie A,Doble Chance,16.9677,betfair_ex_eu:1.3714; betfair_ex_au:1.3714; betfair_ex_uk:1.3714; smarkets:1.3557; marathonbet:1.3426; unibet_nl:1.336; unibet_se:1.336; coolbet:1.3333; betway:1.3271; pinnacle:1.3212; codere_it:1.3209; ladbrokes_uk:1.3204; coral:1.3204; betmgm:1.3204; unibet_uk:1.3112; nordicbet:1.3047; betsson:1.3045; tipico_de:1.3037; fanduel:1.3019; skybet:1.3019; paddypower:1.3019; pointsbetau:1.3019; winamax_de:1.3019; bovada:1.2987; casumo:1.2948; leovegas_se:1.2948; unibet:1.2948; tabtouch:1.2948; grosvenor:1.2948; williamhill:1.2857; tab:1.2827; leovegas:1.2792; winamax_fr:1.2764; draftkings:1.2764; virginbet:1.2692; betclic_fr:1.2675; sport888:1.251
Torino vs Udinese,2026-01-07 14:45:00,X2,1.7051,1.6114,,,,,0.00016577005053688436,37,0.014755345249525813,0.010975830051348784,betfair_ex_eu,37,0.0937,2.44,0.31,Serie A,Doble Chance,16.9677,betfair_ex_eu:1.7051; betfair_ex_au:1.7051; betfair_ex_uk:1.7051; smarkets:1.68; unibet_nl:1.669; unibet_se:1.669; pinnacle:1.6315; coolbet:1.6301; tipico_de:1.6215; marathonbet:1.6206; betsson:1.6201; nordicbet:1.6188; codere_it:1.6078; casumo:1.6078; leovegas_se:1.6078; unibet:1.6078; tabtouch:1.6078; grosvenor:1.6078; bovada:1.6008; coral:1.5984; betmgm:1.5984; unibet_uk:1.5965; fanduel:1.5938; skybet:1.5938; paddypower:1.5938; pointsbetau:1.5938; leovegas:1.5938; betclic_fr:1.587; ladbrokes_uk:1.5866; tab:1.5859; winamax_de:1.5827; virginbet:1.5827; williamhill:1.5714; draftkings:1.5687; sport888:1.5651; betway:1.56; winamax_fr:1.5464
Sassuolo vs Juventus,2026-01-06 14:45:00,1X,2.3162,2.1676,,,,,0.0002583484939639521,37,0.01886803591709158,0.015229687355179494,betfair_ex_au,37,0.1486,4.04,0.32,Serie A,Doble Chance,15.625,betfair_ex_au:2.3162; betfair_ex_uk:2.3162; betfair_ex_eu:2.3162; unibet_nl:2.2989; unibet_se:2.2989; smarkets:2.2819; leovegas_se:2.2304; unibet:2.2304; casumo:2.2304; grosvenor:2.2304; tabtouch:2.2304; leovegas:2.2132; coolbet:2.1971; virginbet:2.1961; fanduel:2.1956; pinnacle:2.1925; marathonbet:2.1846; bovada:2.1775; tipico_de:2.1618; pointsbetau:2.1591; winamax_de:2.156; skybet:2.1429; codere_it:2.1402; coral:2.1264; betmgm:2.1264; betclic_fr:2.1243; betsson:2.1173; nordicbet:2.1173; unibet_uk:2.1053; paddypower:2.093; ladbrokes_uk:2.0894; winamax_fr:2.0858; draftkings:2.0545; betway:2.0479; tab:2.0479; williamhill:2.0195; sport888:1.9494
Sassuolo vs Juventus,2026-01-06 14:45:00,X2,1.2127,1.1676,,,,,0.00045442737305402884,37,0.017561234223485538,0.014454821979786068,betfair_ex_au,37,0.0451,2.06,0.32,Serie A,Doble Chance,15.625,betfair_ex_au:1.2127; betfair_ex_uk:1.2127; betfair_ex_eu:1.2127; smarkets:1.2032; coolbet:1.1994; marathonbet:1.1984; betsson:1.1881; nordicbet:1.1881; codere_it:1.1841; pinnacle:1.1811; pointsbetau:1.1793; winamax_de:1.1793; coral:1.1788; betway:1.1776; unibet_nl:1.1738; unibet_se:1.1738; unibet_uk:1.1697; betmgm:1.1695; sport888:1.1667; bovada:1.165; betclic_fr:1.165; ladbrokes_uk:1.1648; fanduel:1.1601; skybet:1.1554; draftkings:1.1551; williamhill:1.1547; tab:1.1547; tipico_de:1.1507; winamax_fr:1.1506; paddypower:1.1408; leovegas_se:1.1358; unibet:1.1358; casumo:1.1358; grosvenor:1.1358; tabtouch:1.1358; leovegas:1.1309; virginbet:1.1264
Brentford vs Sunderland,2026-01-07 14:30:00,1X,1.2655,1.2203,,,,,0.0002762163615263806,38,0.015107790630320757,0.0121174503109405,betfair_ex_au,38,0.0452,1.86,0.3,EPL,Doble Chance,15.4333,betfair_ex_au:1.2655; betfair_ex_eu:1.2655; betfair_ex_uk:1.2655; smarkets:1.2611; coolbet:1.2533; unibet_se:1.2466; unibet_nl:1.2466; marathonbet:1.2399; leovegas:1.2365; betsson:1.2333; nordicbet:1.2333; fanduel:1.2307; pinnacle:1.2255; unibet_uk:1.222; codere_it:1.222; leovegas_se:1.222; draftkings:1.2189; unibet:1.2176; winamax_de:1.2144; betway:1.2133; grosvenor:1.2133; casumo:1.2133; tabtouch:1.2133; coral:1.2133; betmgm:1.2133; bovada:1.2106; paddypower:1.2103; mybookieag:1.2079; skybet:1.2017; pointsbetau:1.2017; tipico_de:1.2; ladbrokes_uk:1.2; sport888:1.1981; betclic_fr:1.1978; williamhill:1.1887; tab:1.1887; virginbet:1.1843; winamax_fr:1.1799
Pisa vs Como,2026-01-06 09:00:00,1X,2.1876,2.042,,,,,0.0001650189932728721,37,0.015113603228306757,0.011972648751029413,betfair_ex_eu,37,0.1456,3.14,0.36,Serie A,Doble Chance,14.3056,betfair_ex_eu:2.1876; betfair_ex_au:2.1876; betfair_ex_uk:2.1876; smarkets:2.1538; coolbet:2.0928; tipico_de:2.092; pinnacle:2.0897; fanduel:2.0864; betclic_fr:2.0861; winamax_de:2.076; unibet_se:2.074; unibet_nl:2.074; marathonbet:2.0603; codere_it:2.0588; bovada:2.0579; unibet_uk:2.0414; nordicbet:2.033; betsson:2.033; skybet:2.0238; pointsbetau:2.0238; coral:2.0238; betmgm:2.0238; winamax_fr:2.0073; virginbet:2.006; leovegas_se:2.006; casumo:2.006; unibet:2.006; tabtouch:2.006; grosvenor:2.006; paddypower:1.988; leovegas:1.988; ladbrokes_uk:1.988; betway:1.9816; tab:1.9816; draftkings:1.9728; sport888:1.9215; williamhill:1.9215
Pisa vs Como,2026-01-06 09:00:00,X2,1.2075,1.1668,,,,,0.00030578859131407993,37,0.014494463765312635,0.012082059865430022,betfair_ex_eu,37,0.0407,1.7,0.36,Serie A,Doble Chance,14.3056,betfair_ex_eu:1.2075; betfair_ex_au:1.2075; betfair_ex_uk:1.2075; smarkets:1.1974; marathonbet:1.1907; coolbet:1.1907; unibet_se:1.1872; unibet_nl:1.1872; pinnacle:1.1785; betway:1.1769; coral:1.1769; codere_it:1.1755; betclic_fr:1.1744; nordicbet:1.1742; betsson:1.1742; winamax_de:1.1677; bovada:1.1655; ladbrokes_uk:1.1647; fanduel:1.164; pointsbetau:1.164; betmgm:1.164; unibet_uk:1.1611; skybet:1.1553; tab:1.1553; tipico_de:1.1533; draftkings:1.151; leovegas_se:1.1495; casumo:1.1495; unibet:1.1495; tabtouch:1.1495; grosvenor:1.1495; winamax_fr:1.1478; paddypower:1.1436; sport888:1.1436; williamhill:1.1436; virginbet:1.1365; leovegas:1.135
Manchester City vs Brighton and Hove Albion,2026-01-07 14:30:00,1X,1.1304,1.0957,,,,,0.0007341500386965495,38,0.01738691656100728,0.01463971166971068,betfair_ex_au,38,0.0347,1.89,0.37,EPL,Doble Chance,12.1622,betfair_ex_au:1.1304; betfair_ex_eu:1.1304; betfair_ex_uk:1.1304; smarkets:1.12; unibet_se:1.1159; unibet_nl:1.1159; coolbet:1.1159; pinnacle:1.1143; nordicbet:1.1096; betsson:1.1096; draftkings:1.1096; marathonbet:1.1075; codere_it:1.1054; bovada:1.1054; betway:1.1053; unibet_uk:1.1053; betmgm:1.1053; coral:1.1053; ladbrokes_uk:1.1053; leovegas:1.0991; winamax_de:1.0928; fanduel:1.0928; tipico_de:1.0915; mybookieag:1.0906; leovegas_se:1.0864; casumo:1.0823; tabtouch:1.0823; grosvenor:1.0823; unibet:1.0823; tab:1.0815; pointsbetau:1.0802; betclic_fr:1.08; skybet:1.0692; sport888:1.0692; winamax_fr:1.0612; williamhill:1.0597; virginbet:1.0548; paddypower:1.0506
Manchester City vs Brighton and Hove Albion,2026-01-07 14:30:00,X2,3.3957,3.1024,,,,,0.00021800941537769014,38,0.016248334682942338,0.013896241442539857,betfair_ex_au,38,0.2933,5.06,0.37,EPL,Doble Chance,12.1622,betfair_ex_au:3.3957; betfair_ex_eu:3.3957; betfair_ex_uk:3.3957; smarkets:3.36; coolbet:3.2675; unibet_se:3.2593; unibet_nl:3.2593; tipico_de:3.2386; leovegas_se:3.2239; leovegas:3.2239; casumo:3.188; tabtouch:3.188; grosvenor:3.188; unibet:3.188; virginbet:3.1698; marathonbet:3.1557; fanduel:3.1395; nordicbet:3.1181; betsson:3.1181; pinnacle:3.1052; pointsbetau:3.0882; draftkings:3.08; betclic_fr:3.0484; codere_it:3.0484; winamax_de:3.0; unibet_uk:3.0; paddypower:3.0; bovada:3.0; betmgm:2.9531; mybookieag:2.9277; skybet:2.9167; sport888:2.9167; tab:2.9167; betway:2.9043; coral:2.9043; ladbrokes_uk:2.9043; winamax_fr:2.8578; williamhill:2.8475
Burnley vs Manchester United,2026-01-07 15:15:00,1X,2.3305,2.1749,,,,,0.0001921874501919782,38,0.016260361102663365,0.013259361053000318,betfair_ex_au,38,0.1556,3.57,0.38,EPL,Doble Chance,11.7105,betfair_ex_au:2.3305; betfair_ex_eu:2.3305; betfair_ex_uk:2.3305; smarkets:2.3117; coolbet:2.2609; pinnacle:2.2532; betsson:2.247; nordicbet:2.247; marathonbet:2.2376; unibet_nl:2.2322; unibet_se:2.2322; fanduel:2.21; tipico_de:2.2022; leovegas:2.2022; leovegas_se:2.2022; pointsbetau:2.1714; grosvenor:2.1669; unibet:2.1669; casumo:2.1669; tabtouch:2.1669; draftkings:2.1609; paddypower:2.1591; tab:2.1416; winamax_de:2.1395; unibet_uk:2.1395; codere_it:2.1395; betclic_fr:2.1251; skybet:2.1209; betway:2.1176; betmgm:2.1176; coral:2.1176; virginbet:2.0959; mybookieag:2.0893; ladbrokes_uk:2.0893; bovada:2.0854; winamax_fr:2.0533; williamhill:2.0455; sport888:2.039
West Ham United vs Nottingham Forest,2026-01-06 15:00:00,1X,1.7102,1.6236,,,,,0.00017056328532567675,38,0.014969402653130801,0.010564185815086247,betfair_ex_au,38,0.0866,2.46,0.49,EPL,Doble Chance,9.0408,betfair_ex_au:1.7102; betfair_ex_eu:1.7102; betfair_ex_uk:1.7102; smarkets:1.6967; coolbet:1.6859; unibet_nl:1.6602; marathonbet:1.6543; pinnacle:1.6508; unibet_se:1.6466; leovegas:1.6351; draftkings:1.6351; tipico_de:1.6246; codere_it:1.6235; unibet_uk:1.6235; betclic_fr:1.6224; fanduel:1.6215; winamax_de:1.6215; skybet:1.6215; pointsbetau:1.6215; betsson:1.6215; nordicbet:1.6215; leovegas_se:1.6215; coral:1.6215; betmgm:1.6215; unibet:1.6101; tabtouch:1.6101; casumo:1.6101; grosvenor:1.6101; paddypower:1.5984; betway:1.5984; mybookieag:1.5931; tab:1.5866; bovada:1.5795; winamax_fr:1.5714; virginbet:1.5714; ladbrokes_uk:1.5714; williamhill:1.56; sport888:1.5435
Lecce vs AS Roma,2026-01-06 12:00:00,1X,2.2065,2.0913,,,,,0.00019134428930583027,37,0.016268597956197325,0.013629759601967422,betfair_ex_uk,37,0.1152,3.39,0.57,Serie A,Doble Chance,8.5789,betfair_ex_uk:2.2065; betfair_ex_eu:2.2065; betfair_ex_au:2.2065; unibet_se:2.2021; unibet_nl:2.2021; smarkets:2.1876; grosvenor:2.1348; casumo:2.1348; leovegas_se:2.1348; unibet:2.1348; tabtouch:2.1348; coolbet:2.1313; marathonbet:2.1236; fanduel:2.1236; pinnacle:2.1205; leovegas:2.1156; winamax_de:2.1097; tipico_de:2.108; virginbet:2.1011; betclic_fr:2.1; codere_it:2.092; unibet_uk:2.0819; bovada:2.074; betsson:2.0674; nordicbet:2.0674; skybet:2.0588; betway:2.0263; paddypower:2.0238; pointsbetau:2.0238; winamax_fr:2.0238; tab:2.0238; draftkings:1.9897; sport888:1.988; ladbrokes_uk:1.988; coral:1.988; betmgm:1.988; williamhill:1.9556
Lecce vs AS Roma,2026-01-06 12:00:00,X2,1.2044,1.1557,,,,,0.00046626627155143245,37,0.017404158078735053,0.014221321838475636,betfair_ex_uk,37,0.0487,2.03,0.57,Serie A,Doble Chance,8.5789,betfair_ex_uk:1.2044; betfair_ex_eu:1.2044; betfair_ex_au:1.2044; smarkets:1.1944; marathonbet:1.1799; coolbet:1.1799; pinnacle:1.1755; betsson:1.1722; nordicbet:1.1722; codere_it:1.1667; ladbrokes_uk:1.1647; coral:1.1647; pointsbetau:1.164; unibet_se:1.1632; unibet_nl:1.1632; betclic_fr:1.1622; bovada:1.1611; winamax_de:1.1586; tab:1.1553; unibet_uk:1.1522; betmgm:1.1521; fanduel:1.1488; paddypower:1.1466; draftkings:1.1452; skybet:1.1442; tipico_de:1.1442; betway:1.1436; williamhill:1.135; winamax_fr:1.1333; grosvenor:1.1298; casumo:1.1298; leovegas_se:1.1298; unibet:1.1298; tabtouch:1.1298; sport888:1.122; virginbet:1.1199; leovegas:1.1154
Lazio vs Fiorentina,2026-01-07 14:45:00,1X,1.4222,1.3553,,,,,0.0002943090298524363,37,0.01779167982498341,0.014203882618527815,betfair_ex_eu,37,0.0669,2.43,0.62,Serie A,Doble Chance,8.0645,betfair_ex_eu:1.4222; betfair_ex_au:1.4222; betfair_ex_uk:1.4222; smarkets:1.4098; unibet_nl:1.4061; unibet_se:1.4061; codere_it:1.3718; marathonbet:1.3716; pinnacle:1.3698; coolbet:1.3685; betsson:1.3654; nordicbet:1.3654; leovegas_se:1.3649; casumo:1.3649; unibet:1.3649; grosvenor:1.3649; tabtouch:1.3649; betway:1.3527; unibet_uk:1.3464; winamax_de:1.3459; leovegas:1.3459; bovada:1.3456; ladbrokes_uk:1.3382; coral:1.3382; betmgm:1.3382; pointsbetau:1.3367; tipico_de:1.3367; fanduel:1.3333; paddypower:1.3333; skybet:1.3333; virginbet:1.3302; draftkings:1.3273; betclic_fr:1.3265; tab:1.3132; winamax_fr:1.3112; williamhill:1.3019; sport888:1.2857
Lazio vs Fiorentina,2026-01-07 14:45:00,X2,1.6246,1.565,,,,,0.00015995132392613283,37,0.014303566249677423,0.012378137155182095,betfair_ex_eu,37,0.0596,2.24,0.62,Serie A,Doble Chance,8.0645,betfair_ex_eu:1.6246; betfair_ex_au:1.6246; betfair_ex_uk:1.6246; smarkets:1.6124; coral:1.6124; betmgm:1.6124; coolbet:1.6101; ladbrokes_uk:1.6; unibet_nl:1.5984; unibet_se:1.5984; pinnacle:1.59; codere_it:1.5874; marathonbet:1.5842; winamax_de:1.575; pointsbetau:1.5746; tipico_de:1.5746; unibet_uk:1.5624; sport888:1.56; bovada:1.56; betclic_fr:1.5573; betway:1.55; leovegas_se:1.5484; casumo:1.5484; unibet:1.5484; grosvenor:1.5484; tabtouch:1.5484; draftkings:1.5374; leovegas:1.5366; betsson:1.5313; nordicbet:1.5313; winamax_fr:1.525; fanduel:1.5246; paddypower:1.5246; skybet:1.5246; williamhill:1.5246; virginbet:1.5116; tab:1.4983
Brentford vs Sunderland,2026-01-07 14:30:00,X2,2.0858,1.9735,,,,,0.00015662897258225347,38,0.014728441015314645,0.011099675446525103,smarkets,38,0.1123,2.91,0.57,EPL,Doble Chance,7.6491,smarkets:2.0858; betfair_ex_au:2.0858; betfair_ex_eu:2.0858; betfair_ex_uk:2.0858; coolbet:2.0344; unibet_se:2.0305; unibet_nl:2.0305; pinnacle:2.0211; marathonbet:2.0143; betsson:2.0099; nordicbet:2.0099; leovegas:1.995; fanduel:1.98; tipico_de:1.98; leovegas_se:1.98; draftkings:1.9742; unibet_uk:1.9698; grosvenor:1.9698; casumo:1.9698; tabtouch:1.9698; unibet:1.9698; ladbrokes_uk:1.9657; coral:1.9657; betmgm:1.9657; codere_it:1.9595; winamax_de:1.9529; betclic_fr:1.9432; betway:1.9385; paddypower:1.9355; pointsbetau:1.9295; virginbet:1.9295; tab:1.9194; skybet:1.9091; williamhill:1.9091; bovada:1.9084; winamax_fr:1.8882; mybookieag:1.8823; sport888:1.8378
Melbourne City vs Brisbane Roar,2026-01-06 03:00:00,X2,2.0659,1.9158,,,,,0.0002083484082777813,32,0.016978086946152306,0.013048306994990959,betfair_ex_eu,32,0.1501,3.33,0.76,A-League,Doble Chance,7.4474,betfair_ex_eu:2.0659; betfair_ex_uk:2.0455; betfair_ex_au:2.0455; smarkets:2.0305; coolbet:2.0; bovada:1.9845; pinnacle:1.9798; pointsbetau:1.9367; draftkings:1.9338; marathonbet:1.924; codere_it:1.9091; paddypower:1.9091; leovegas:1.9019; leovegas_se:1.9019; unibet_uk:1.8941; tabtouch:1.8925; grosvenor:1.8925; unibet:1.8925; unibet_nl:1.8925; casumo:1.8925; unibet_se:1.8925; tab:1.8889; winamax_de:1.8882; betsson:1.8839; nordicbet:1.8839; coral:1.8789; ladbrokes_uk:1.8789; sport888:1.8727; williamhill:1.848; betmgm:1.848; virginbet:1.8162; winamax_fr:1.8021
Bologna vs Atalanta BC,2026-01-07 12:30:00,1X,1.5651,1.495,,,,,0.00022679763725589,37,0.01666471041108712,0.012869536161393429,betfair_ex_uk,37,0.0701,2.49,0.66,Serie A,Doble Chance,7.4091,betfair_ex_uk:1.5651; betfair_ex_au:1.5651; betfair_ex_eu:1.5651; smarkets:1.5486; unibet_nl:1.5456; unibet_se:1.5456; coolbet:1.5293; pinnacle:1.5227; marathonbet:1.5172; codere_it:1.5102; nordicbet:1.5099; betsson:1.5099; ladbrokes_uk:1.5049; coral:1.5049; betmgm:1.5049; pointsbetau:1.5; casumo:1.495; leovegas_se:1.495; unibet:1.495; tabtouch:1.495; grosvenor:1.495; bovada:1.4925; unibet_uk:1.485; fanduel:1.485; winamax_de:1.4796; tipico_de:1.479; paddypower:1.4748; betway:1.4748; leovegas:1.4697; virginbet:1.4636; draftkings:1.4597; tab:1.4538; betclic_fr:1.4448; winamax_fr:1.4444; skybet:1.4436; sport888:1.4199; williamhill:1.4199
Bologna vs Atalanta BC,2026-01-07 12:30:00,X2,1.5111,1.4525,,,,,0.00017757633773230304,37,0.014508109334885623,0.01108815503812272,betfair_ex_uk,37,0.0586,2.1,0.66,Serie A,Doble Chance,7.4091,betfair_ex_uk:1.5111; betfair_ex_au:1.5111; betfair_ex_eu:1.5111; smarkets:1.495; unibet_nl:1.4924; unibet_se:1.4924; codere_it:1.4796; pinnacle:1.4748; marathonbet:1.4745; coral:1.4733; coolbet:1.4728; fanduel:1.4697; betmgm:1.4571; unibet_uk:1.4542; pointsbetau:1.4542; paddypower:1.4506; winamax_de:1.4479; casumo:1.4479; leovegas_se:1.4479; unibet:1.4479; tabtouch:1.4479; grosvenor:1.4479; bovada:1.4475; betway:1.4444; ladbrokes_uk:1.4407; nordicbet:1.4383; betsson:1.4383; skybet:1.4345; tipico_de:1.4345; betclic_fr:1.4321; draftkings:1.4289; tab:1.4243; leovegas:1.4224; virginbet:1.4159; winamax_fr:1.413; sport888:1.3839; williamhill:1.3839
Crystal Palace vs Aston Villa,2026-01-07 14:30:00,1X,1.6867,1.6116,,,,,0.0002695157282606217,38,0.018673750677827134,0.014576059190911726,betfair_ex_au,38,0.0751,2.96,0.61,EPL,Doble Chance,7.2131,betfair_ex_au:1.6867; betfair_ex_eu:1.6867; betfair_ex_uk:1.6867; unibet_nl:1.6852; unibet_se:1.6716; smarkets:1.6617; coolbet:1.6608; leovegas_se:1.6602; leovegas:1.6602; marathonbet:1.6385; grosvenor:1.6351; unibet:1.6351; casumo:1.6351; tabtouch:1.6351; pinnacle:1.6301; tipico_de:1.6246; codere_it:1.6215; unibet_uk:1.6101; virginbet:1.6101; betsson:1.6078; nordicbet:1.6078; fanduel:1.5984; betway:1.5984; winamax_de:1.5965; draftkings:1.5965; pointsbetau:1.5938; coral:1.5938; betmgm:1.5938; betclic_fr:1.585; mybookieag:1.5723; tab:1.5714; ladbrokes_uk:1.5714; paddypower:1.56; williamhill:1.56; skybet:1.5484; winamax_fr:1.5464; sport888:1.5325; bovada:1.4701
West Ham United vs Nottingham Forest,2026-01-06 15:00:00,X2,1.4319,1.3729,,,,,0.00019876859182886672,38,0.014782876394035787,0.011710275927096378,smarkets,38,0.059,2.04,0.6,EPL,Doble Chance,7.2,smarkets:1.4319; betfair_ex_au:1.4248; betfair_ex_eu:1.4248; betfair_ex_uk:1.4248; unibet_nl:1.4084; unibet_se:1.4084; coolbet:1.3992; bovada:1.3931; betsson:1.3896; nordicbet:1.3896; leovegas_se:1.3896; leovegas:1.3896; pinnacle:1.3877; marathonbet:1.3827; fanduel:1.3719; pointsbetau:1.3719; draftkings:1.3719; coral:1.3719; betmgm:1.3719; unibet:1.3707; tabtouch:1.3707; casumo:1.3707; grosvenor:1.3707; codere_it:1.3637; unibet_uk:1.3637; betway:1.3554; ladbrokes_uk:1.3554; winamax_de:1.354; skybet:1.354; williamhill:1.3468; tab:1.3468; mybookieag:1.3414; paddypower:1.3378; tipico_de:1.3378; sport888:1.3378; virginbet:1.3378; betclic_fr:1.3326; winamax_fr:1.32
Newcastle United vs Leeds United,2026-01-07 15:15:00,1X,1.2077,1.1694,,,,,0.00034086235373171253,38,0.015248146094033353,0.012388771825656465,betfair_ex_au,38,0.0383,1.78,0.66,EPL,Doble Chance,6.5758,betfair_ex_au:1.2077; betfair_ex_eu:1.2077; betfair_ex_uk:1.2077; smarkets:1.2028; betsson:1.193; nordicbet:1.193; coolbet:1.1925; codere_it:1.1885; marathonbet:1.1876; unibet_uk:1.1839; unibet_nl:1.1831; pinnacle:1.183; betmgm:1.1791; unibet_se:1.1781; betway:1.1745; pointsbetau:1.1698; draftkings:1.1698; fanduel:1.1693; coral:1.1693; ladbrokes_uk:1.1693; leovegas:1.1681; bovada:1.1648; winamax_de:1.1644; mybookieag:1.1601; tipico_de:1.1595; tab:1.1595; leovegas_se:1.1589; sport888:1.1507; williamhill:1.1507; paddypower:1.1505; betclic_fr:1.1495; tabtouch:1.1495; casumo:1.1495; grosvenor:1.1495; unibet:1.1495; winamax_fr:1.1313; skybet:1.1313; virginbet:1.1303
Melbourne City vs Brisbane Roar,2026-01-06 03:00:00,1X,1.2698,1.2022,,,,,0.0005266351002098307,32,0.020357806923229624,0.015551387280721082,betfair_ex_uk,32,0.0676,2.48,0.97,A-League,Doble Chance,5.6186,betfair_ex_uk:1.2698; betfair_ex_au:1.2698; betfair_ex_eu:1.2655; smarkets:1.251; pinnacle:1.2303; coral:1.223; ladbrokes_uk:1.223; coolbet:1.222; codere_it:1.2146; tab:1.2065; pointsbetau:1.2065; betsson:1.2042; nordicbet:1.2042; unibet_uk:1.2042; winamax_de:1.1974; draftkings:1.1957; betmgm:1.1936; leovegas:1.1918; leovegas_se:1.1918; paddypower:1.1887; unibet:1.1877; marathonbet:1.1872; bovada:1.1856; tabtouch:1.1835; grosvenor:1.1835; unibet_nl:1.1835; casumo:1.1835; unibet_se:1.1835; williamhill:1.1772; sport888:1.1647; winamax_fr:1.1538; virginbet:1.1438
Bournemouth vs Tottenham Hotspur,2026-01-07 14:30:00,X2,1.8083,1.7294,,,,,0.00013331956289457328,38,0.013431580635393129,0.010612181546506706,betfair_ex_au,38,0.0789,2.34,0.76,EPL,Doble Chance,5.3816,betfair_ex_au:1.8083; betfair_ex_eu:1.8083; betfair_ex_uk:1.8083; coolbet:1.8; smarkets:1.7944; bovada:1.7804; unibet_nl:1.7804; draftkings:1.7582; unibet_se:1.7553; pinnacle:1.7526; betsson:1.7443; nordicbet:1.7443; leovegas:1.7443; marathonbet:1.7372; leovegas_se:1.7302; coral:1.7302; betmgm:1.7302; unibet_uk:1.7217; fanduel:1.7217; paddypower:1.7217; pointsbetau:1.7217; codere_it:1.7192; casumo:1.7192; grosvenor:1.7192; unibet:1.7192; tabtouch:1.7192; betway:1.708; winamax_de:1.7051; betclic_fr:1.7025; sport888:1.6941; ladbrokes_uk:1.6941; skybet:1.6852; mybookieag:1.683; virginbet:1.68; tipico_de:1.6746; tab:1.6746; williamhill:1.6716; winamax_fr:1.6549
Everton vs Wolverhampton Wanderers,2026-01-07 14:30:00,1X,1.2154,1.1798,,,,,0.00031941405705470305,38,0.015031449766174322,0.012822023229503926,betfair_ex_au,38,0.0356,1.77,0.79,EPL,Doble Chance,5.3544,betfair_ex_au:1.2154; betfair_ex_eu:1.2154; betfair_ex_uk:1.2154; unibet_nl:1.2064; smarkets:1.2055; marathonbet:1.2022; codere_it:1.2; nordicbet:1.2; betsson:1.2; coolbet:1.1986; unibet_se:1.1965; draftkings:1.1944; pinnacle:1.1922; unibet_uk:1.1911; leovegas:1.1874; betway:1.1866; betmgm:1.1866; winamax_de:1.1821; leovegas_se:1.1776; coral:1.1776; ladbrokes_uk:1.1776; pointsbetau:1.1755; mybookieag:1.1689; tabtouch:1.1685; grosvenor:1.1685; casumo:1.1685; unibet:1.1685; sport888:1.1667; bovada:1.1645; tipico_de:1.1639; fanduel:1.1622; betclic_fr:1.1618; williamhill:1.1553; tab:1.1553; winamax_fr:1.1478; paddypower:1.1466; skybet:1.1466; virginbet:1.1351
Everton vs Wolverhampton Wanderers,2026-01-07 14:30:00,X2,2.1956,2.0767,,,,,0.0001760565719932623,38,0.015607717232059138,0.013187743035903997,betfair_ex_au,38,0.1189,3.24,0.79,EPL,Doble Chance,5.3544,betfair_ex_au:2.1956; betfair_ex_eu:2.1956; betfair_ex_uk:2.1956; coolbet:2.1801; unibet_nl:2.1704; smarkets:2.1615; unibet_se:2.1531; leovegas:2.1446; bovada:2.1361; tabtouch:2.1103; grosvenor:2.1103; casumo:2.1103; unibet:2.1103; leovegas_se:2.1103; marathonbet:2.0998; pinnacle:2.0932; tipico_de:2.093; fanduel:2.092; codere_it:2.0753; nordicbet:2.0663; betsson:2.0663; virginbet:2.0588; unibet_uk:2.0571; betclic_fr:2.0506; draftkings:2.0407; winamax_de:2.0386; paddypower:2.0238; skybet:2.0238; coral:2.0195; ladbrokes_uk:2.0195; betmgm:2.0195; pointsbetau:2.0152; betway:2.0; mybookieag:1.9995; sport888:1.9877; tab:1.9816; williamhill:1.955; winamax_fr:1.9528
Fulham vs Chelsea,2026-01-07 14:30:00,1X,1.8624,1.7558,,,,,0.0002195717220727058,38,0.017279050447985098,0.014493311342375947,betfair_ex_au,38,0.1066,3.06,0.86,EPL,Doble Chance,4.9535,betfair_ex_au:1.8624; betfair_ex_eu:1.8624; betfair_ex_uk:1.8624; smarkets:1.8497; unibet_nl:1.8367; coolbet:1.8136; unibet_se:1.8117; leovegas:1.7986; pinnacle:1.7914; leovegas_se:1.7867; fanduel:1.7746; tabtouch:1.7736; grosvenor:1.7736; casumo:1.7736; unibet:1.7736; betsson:1.7718; nordicbet:1.7718; marathonbet:1.7695; paddypower:1.7486; tipico_de:1.7486; bovada:1.7367; virginbet:1.7367; skybet:1.7246; codere_it:1.7217; unibet_uk:1.7217; draftkings:1.7217; tab:1.7217; ladbrokes_uk:1.7217; coral:1.7217; betmgm:1.7217; winamax_de:1.708; betway:1.708; betclic_fr:1.7048; pointsbetau:1.6985; mybookieag:1.6891; sport888:1.6746; williamhill:1.6746; winamax_fr:1.6579
Rangers vs Aberdeen,2026-01-06 15:00:00,X2,2.731,2.5129,,,,,0.00019899880846893756,32,0.01623473225232547,0.012148645814805056,betfair_ex_uk,32,0.2181,4.15,1.13,Premiership,Doble Chance,4.646,betfair_ex_uk:2.731; betfair_ex_au:2.731; betfair_ex_eu:2.731; smarkets:2.731; pinnacle:2.5951; coolbet:2.5822; codere_it:2.5714; coral:2.5714; skybet:2.5514; ladbrokes_uk:2.5385; pointsbetau:2.5298; marathonbet:2.5215; nordicbet:2.5175; betsson:2.5175; fanduel:2.5142; tipico_de:2.5038; betmgm:2.4926; paddypower:2.4762; betway:2.47; leovegas:2.4693; unibet:2.4693; unibet_se:2.4693; unibet_nl:2.4693; tabtouch:2.4527; grosvenor:2.4527; casumo:2.4527; draftkings:2.4271; leovegas_se:2.4271; virginbet:2.4; bovada:2.3819; williamhill:2.3814; sport888:2.2819
Livingston vs St Mirren,2026-01-06 14:45:00,1X,1.6579,1.536,,,,,0.0004011034078174608,32,0.022602775170251884,0.018154352029125628,betfair_ex_eu,32,0.1219,3.59,1.3,Premiership,Doble Chance,4.0538,betfair_ex_eu:1.6579; betfair_ex_au:1.6579; betfair_ex_uk:1.6579; smarkets:1.6439; pinnacle:1.615; betway:1.5714; skybet:1.5651; betsson:1.5601; nordicbet:1.5601; fanduel:1.5576; coolbet:1.5435; paddypower:1.5435; tipico_de:1.535; marathonbet:1.5269; draftkings:1.5203; pointsbetau:1.5184; leovegas:1.5158; unibet:1.5158; unibet_se:1.5158; unibet_nl:1.5158; coral:1.5; ladbrokes_uk:1.5; casumo:1.4963; grosvenor:1.4963; tabtouch:1.4963; codere_it:1.4896; betmgm:1.485; bovada:1.485; leovegas_se:1.4849; sport888:1.479; williamhill:1.4712; virginbet:1.4712
Livingston vs St Mirren,2026-01-06 14:45:00,X2,1.4377,1.3922,,,,,0.0002044918158523875,32,0.015133685418572951,0.01332626874287371,betfair_ex_eu,32,0.0455,2.11,1.3,Premiership,Doble Chance,4.0538,betfair_ex_eu:1.4377; betfair_ex_au:1.4377; betfair_ex_uk:1.4377; smarkets:1.4307; pinnacle:1.4267; draftkings:1.4239; coolbet:1.4224; coral:1.4224; ladbrokes_uk:1.4224; betmgm:1.4224; pointsbetau:1.413; bovada:1.4028; leovegas:1.3972; unibet:1.3972; unibet_se:1.3972; unibet_nl:1.3972; sport888:1.3876; marathonbet:1.3805; casumo:1.3781; grosvenor:1.3781; tabtouch:1.3781; fanduel:1.3726; skybet:1.3719; betsson:1.3707; nordicbet:1.3707; leovegas_se:1.3622; codere_it:1.3571; paddypower:1.3554; betway:1.3554; williamhill:1.3527; virginbet:1.3527; tipico_de:1.3382
Newcastle United vs Leeds United,2026-01-07 15:15:00,X2,2.3333,2.2161,,,,,0.00019374380122222782,38,0.016306776613437265,0.014308177552256085,smarkets,38,0.1172,3.62,1.0,EPL,Doble Chance,4.0,smarkets:2.3333; betfair_ex_au:2.3333; betfair_ex_eu:2.3333; betfair_ex_uk:2.3333; unibet_se:2.3333; unibet_nl:2.3333; leovegas:2.3333; leovegas_se:2.2989; coolbet:2.2956; tabtouch:2.2819; casumo:2.2819; grosvenor:2.2819; unibet:2.2819; marathonbet:2.26; virginbet:2.2476; fanduel:2.2286; pinnacle:2.2235; codere_it:2.2067; betsson:2.2022; nordicbet:2.2022; unibet_uk:2.191; betclic_fr:2.191; tipico_de:2.191; winamax_de:2.1716; paddypower:2.1591; pointsbetau:2.1591; draftkings:2.1591; betmgm:2.1517; coral:2.1517; ladbrokes_uk:2.1517; skybet:2.1429; tab:2.1416; bovada:2.1264; mybookieag:2.1209; betway:2.1111; sport888:2.0894; williamhill:2.0894; winamax_fr:2.0858
Bournemouth vs Tottenham Hotspur,2026-01-07 14:30:00,1X,1.3933,1.3446,,,,,0.0002247513954878386,38,0.015432889721430653,0.01296058851198203,smarkets,38,0.0487,2.09,1.18,EPL,Doble Chance,3.1102,smarkets:1.3933; betfair_ex_au:1.3933; betfair_ex_eu:1.3933; betfair_ex_uk:1.3933; unibet_nl:1.3933; unibet_se:1.3866; coolbet:1.3731; leovegas:1.3678; marathonbet:1.3645; pinnacle:1.3638; leovegas_se:1.3638; betsson:1.3598; nordicbet:1.3598; casumo:1.3491; grosvenor:1.3491; unibet:1.3491; tabtouch:1.3491; unibet_uk:1.3461; codere_it:1.3451; draftkings:1.3397; coral:1.3397; betmgm:1.3397; winamax_de:1.333; fanduel:1.3263; betway:1.3263; paddypower:1.3263; pointsbetau:1.3263; ladbrokes_uk:1.3263; bovada:1.3232; virginbet:1.3183; tipico_de:1.3171; mybookieag:1.3155; betclic_fr:1.3143; skybet:1.3125; williamhill:1.3125; sport888:1.3062; winamax_fr:1.2996; tab:1.2982
Burnley vs Manchester United,2026-01-07 15:15:00,X2,1.2265,1.1915,,,,,0.00024502451023087897,38,0.013451646464712724,0.010566955684974934,unibet_nl,38,0.035,1.6,1.94,EPL,Doble Chance,1.4897,unibet_nl:1.2265; betfair_ex_au:1.2216; betfair_ex_eu:1.2216; betfair_ex_uk:1.2216; unibet_se:1.2216; smarkets:1.2166; coral:1.2077; coolbet:1.2077; leovegas:1.2028; marathonbet:1.2023; bovada:1.1984; codere_it:1.1979; leovegas_se:1.1979; draftkings:1.1979; betmgm:1.1979; pinnacle:1.1959; betsson:1.1959; nordicbet:1.1959; unibet_uk:1.193; betway:1.193; sport888:1.1888; grosvenor:1.1885; unibet:1.1885; casumo:1.1885; tabtouch:1.1885; pointsbetau:1.188; ladbrokes_uk:1.1839; winamax_de:1.1831; fanduel:1.1791; mybookieag:1.1791; betclic_fr:1.1738; williamhill:1.1697; tipico_de:1.1681; virginbet:1.1648; paddypower:1.1601; skybet:1.1601; tab:1.1595; winamax_fr:1.1501
Fulham vs Chelsea,2026-01-07 14:30:00,X2,1.3558,1.3195,,,,,0.00019999012178942773,38,0.014191489990191763,0.011931430888929912,coolbet,38,0.0363,1.86,2.09,EPL,Doble Chance,1.4498,coolbet:1.3558; betfair_ex_au:1.3543; betfair_ex_eu:1.3543; betfair_ex_uk:1.3543; smarkets:1.3462; pinnacle:1.3462; unibet_nl:1.3462; draftkings:1.3461; marathonbet:1.3422; betsson:1.3397; nordicbet:1.3397; unibet_se:1.3397; codere_it:1.3343; leovegas:1.3315; unibet_uk:1.3263; betway:1.3263; ladbrokes_uk:1.3263; coral:1.3263; betmgm:1.3263; leovegas_se:1.3209; bovada:1.3195; tabtouch:1.3127; grosvenor:1.3127; casumo:1.3127; unibet:1.3127; betclic_fr:1.3076; winamax_de:1.3062; fanduel:1.3062; tab:1.3062; mybookieag:1.303; williamhill:1.2982; pointsbetau:1.2928; paddypower:1.2857; virginbet:1.2793; tipico_de:1.2789; sport888:1.2789; winamax_fr:1.2727; skybet:1.2727
Livingston vs St Mirren,2026-01-06 14:45:00,Over 2.5,2.03,1.9888,9.827383672171233e-05,17,0.011645273070199413,0.010876946088683536,7.437390057044247e-05,17,0.010151689234500893,0.008488373798047077,pinnacle,17,0.0412,1.98,3.32,Premiership,Goles (Over/Under),1.4307,pinnacle:2.03; leovegas:2.02; casumo:2.02; unibet:2.02; grosvenor:2.02; unibet_se:2.02; unibet_nl:2.02; tabtouch:2.02; bovada:2.0; leovegas_se:2.0; coolbet:1.98; betsson:1.98; nordicbet:1.98; codere_it:1.95; tipico_de:1.93; betmgm:1.91; williamhill:1.91
Livingston vs St Mirren,2026-01-06 14:45:00,Under 2.5,1.85,1.7329,9.827383672171233e-05,17,0.011645273070199408,0.010876946088683517,0.0002773939127517212,17,0.01938896218775972,0.017336525669970602,pinnacle,17,0.1171,3.41,3.32,Premiership,Goles (Over/Under),1.4307,pinnacle:1.85; codere_it:1.83; coolbet:1.8; williamhill:1.8; bovada:1.77; betsson:1.75; nordicbet:1.75; tipico_de:1.75; betmgm:1.74; leovegas:1.68; casumo:1.68; unibet:1.68; grosvenor:1.68; unibet_se:1.68; unibet_nl:1.68; tabtouch:1.68; leovegas_se:1.66
Pisa vs Como,2026-01-06 09:00:00,Under 2.5,1.76,1.6593,5.9768204061670625e-05,14,0.009030631698556214,0.008023447941150539,0.00011597097261595792,14,0.012449406678727789,0.009338204860536603,coolbet,14,0.1007,2.13,2.9,Serie A,Goles (Over/Under),1.2448,coolbet:1.76; williamhill:1.7; nordicbet:1.68; betsson:1.68; leovegas_se:1.66; tipico_de:1.65; grosvenor:1.65; betmgm:1.65; unibet_se:1.64; casumo:1.64; unibet_nl:1.64; tabtouch:1.64; codere_it:1.62; leovegas:1.62
Bologna vs Atalanta BC,2026-01-07 12:30:00,Over 2.5,2.03,1.9281,3.166711742231442e-05,16,0.0066232465659055275,0.005798926656108348,0.00015097190045116392,16,0.014456198311599288,0.011971530615377451,pinnacle,16,0.1019,2.82,2.74,Serie A,Goles (Over/Under),1.2372,pinnacle:2.03; coolbet:2.03; nordicbet:1.98; betsson:1.98; bovada:1.98; leovegas_se:1.93; grosvenor:1.92; casumo:1.91; unibet_nl:1.91; tabtouch:1.91; unibet_se:1.91; tipico_de:1.9; leovegas:1.88; betmgm:1.87; codere_it:1.86; williamhill:1.85
Bologna vs Atalanta BC,2026-01-07 12:30:00,Under 2.5,1.87,1.8444,3.166711742231442e-05,16,0.006623246565905516,0.00579892665610833,1.8200562656606387e-05,16,0.00500387845467151,0.004138522110840835,pinnacle,16,0.0256,0.92,2.74,Serie A,Goles (Over/Under),1.2372,pinnacle:1.87; leovegas_se:1.87; coolbet:1.86; tipico_de:1.85; williamhill:1.85; bovada:1.85; casumo:1.85; unibet_nl:1.85; tabtouch:1.85; grosvenor:1.85; unibet_se:1.85; leovegas:1.83; betmgm:1.83; nordicbet:1.82; betsson:1.82; codere_it:1.81
Napoli vs Hellas Verona,2026-01-07 12:30:00,Under 2.5,1.83,1.7712,8.982490814615233e-06,16,0.0035204067501626,0.0023097826455856507,5.12631083276754e-05,16,0.008357065025681832,0.0060200936491675225,pinnacle,16,0.0588,1.48,2.95,Serie A,Goles (Over/Under),1.122,pinnacle:1.83; bovada:1.8; leovegas_se:1.79; coolbet:1.79; nordicbet:1.78; betsson:1.78; grosvenor:1.78; tipico_de:1.77; casumo:1.77; unibet_nl:1.77; tabtouch:1.77; unibet_se:1.77; leovegas:1.75; betmgm:1.74; williamhill:1.73; codere_it:1.72
Sassuolo vs Juventus,2026-01-06 14:45:00,Under 2.5,1.91,1.8475,1.7593060259439236e-05,16,0.00493704713952824,0.004524536661946153,3.6615146045400106e-05,16,0.007100856702573935,0.0050655900826771655,coolbet,16,0.0625,1.32,2.86,Serie A,Goles (Over/Under),1.0769,coolbet:1.91; pinnacle:1.87; leovegas_se:1.87; codere_it:1.86; tipico_de:1.85; bovada:1.85; casumo:1.85; unibet_nl:1.85; grosvenor:1.85; tabtouch:1.85; unibet_se:1.85; williamhill:1.83; leovegas:1.83; betsson:1.82; nordicbet:1.82; betmgm:1.8
Napoli vs Hellas Verona,2026-01-07 12:30:00,Over 2.5,2.12,2.0094,8.982490814615233e-06,16,0.0035204067501625716,0.0023097826455856056,6.53901709403939e-05,16,0.009518258110574567,0.007072010744878475,coolbet,16,0.1106,1.96,3.04,Serie A,Goles (Over/Under),1.0592,coolbet:2.12; pinnacle:2.07; bovada:2.05; leovegas_se:2.02; grosvenor:2.02; tipico_de:2.0; williamhill:2.0; casumo:2.0; unibet_nl:2.0; tabtouch:2.0; unibet_se:2.0; nordicbet:1.98; betsson:1.98; betmgm:1.98; leovegas:1.97; codere_it:1.96
West Ham United vs Nottingham Forest,2026-01-06 15:00:00,Over 2.5,2.06,1.9459,7.794609944290068e-05,17,0.01038921686444843,0.00845779310617348,0.00011368792039624535,17,0.0125493413221874,0.009733625882174994,pinnacle,17,0.1141,2.49,2.89,EPL,Goles (Over/Under),1.0104,pinnacle:2.06; betsson:2.02; nordicbet:2.02; coolbet:2.0; mybookieag:1.95; leovegas_se:1.94; leovegas:1.94; unibet_nl:1.93; tabtouch:1.93; casumo:1.93; unibet_se:1.93; grosvenor:1.93; codere_it:1.91; williamhill:1.91; betmgm:1.91; tipico_de:1.9; bovada:1.87
Sassuolo vs Juventus,2026-01-06 14:45:00,Over 2.5,2.02,1.9312,1.7593060259439236e-05,16,0.004937047139528242,0.004524536661946164,9.432649351560351e-05,16,0.011426538569009066,0.009376569371870438,pinnacle,16,0.0888,2.22,2.98,Serie A,Goles (Over/Under),0.9933,pinnacle:2.02; codere_it:1.99; bovada:1.98; coolbet:1.98; betsson:1.95; nordicbet:1.95; leovegas_se:1.93; grosvenor:1.92; casumo:1.91; unibet_nl:1.91; tabtouch:1.91; unibet_se:1.91; betmgm:1.91; tipico_de:1.9; leovegas:1.88; williamhill:1.85
Melbourne City vs Brisbane Roar,2026-01-06 03:00:00,Under 2.5,1.8,1.6929,0.00013089637279813636,14,0.013419415114485286,0.012630924772518926,0.00025172086943550757,14,0.01840014282806279,0.016926493182380153,coolbet,14,0.1071,3.18,4.1,A-League,Goles (Over/Under),0.9927,coolbet:1.8; codere_it:1.76; williamhill:1.75; betsson:1.75; nordicbet:1.75; betmgm:1.69; tabtouch:1.65; grosvenor:1.65; unibet:1.65; leovegas:1.65; leovegas_se:1.65; unibet_nl:1.65; casumo:1.65; unibet_se:1.65
Brentford vs Sunderland,2026-01-07 14:30:00,Over 2.5,2.08,1.9906,5.57973014319444e-05,17,0.008785089322632065,0.008453386311155334,9.039953146221582e-05,17,0.011193407939601949,0.009846124488005994,pinnacle,17,0.0894,2.26,2.72,EPL,Goles (Over/Under),0.9706,pinnacle:2.08; coolbet:2.06; betsson:2.05; nordicbet:2.05; codere_it:2.04; tipico_de:2.0; mybookieag:1.98; bovada:1.98; betmgm:1.98; leovegas_se:1.96; leovegas:1.96; williamhill:1.95; unibet_se:1.95; grosvenor:1.95; unibet_nl:1.95; casumo:1.95; tabtouch:1.95
Crystal Palace vs Aston Villa,2026-01-07 14:30:00,Under 2.5,1.94,1.8765,4.576351945916914e-06,17,0.0025186947003971592,0.002210317898473336,4.198550687849635e-05,17,0.007611115468498257,0.00514273727945179,pinnacle,17,0.0635,1.43,3.09,EPL,Goles (Over/Under),0.8608,pinnacle:1.94; bovada:1.91; coolbet:1.9; betsson:1.88; nordicbet:1.88; grosvenor:1.88; unibet_nl:1.88; unibet_se:1.88; casumo:1.88; leovegas_se:1.88; leovegas:1.88; tabtouch:1.88; tipico_de:1.87; mybookieag:1.86; williamhill:1.85; betmgm:1.83; codere_it:1.82
Fulham vs Chelsea,2026-01-07 14:30:00,Over 2.5,1.82,1.7773,4.951170964015539e-06,15,0.002613747171656472,0.0020035016730706695,4.513387552064428e-05,15,0.007843246281965111,0.006671969690265815,coolbet,15,0.0427,1.39,3.25,EPL,Goles (Over/Under),0.7723,coolbet:1.82; leovegas:1.8; leovegas_se:1.8; tabtouch:1.79; unibet_se:1.79; grosvenor:1.79; casumo:1.79; unibet_nl:1.79; betsson:1.78; nordicbet:1.78; mybookieag:1.76; tipico_de:1.75; williamhill:1.75; betmgm:1.74; codere_it:1.73
Fulham vs Chelsea,2026-01-07 14:30:00,Under 2.5,2.07,2.0213,4.951170964015539e-06,15,0.002613747171656418,0.0020035016730706365,4.0542795998421e-05,15,0.0074962103441196535,0.005615106014107363,coolbet,15,0.0487,1.5,3.25,EPL,Goles (Over/Under),0.7723,coolbet:2.07; betsson:2.05; nordicbet:2.05; tipico_de:2.05; leovegas:2.04; leovegas_se:2.04; tabtouch:2.02; unibet_se:2.02; grosvenor:2.02; casumo:2.02; unibet_nl:2.02; williamhill:2.0; mybookieag:1.99; betmgm:1.98; codere_it:1.95
Burnley vs Manchester United,2026-01-07 15:15:00,Over 2.5,1.77,1.7073,9.153824214991391e-06,15,0.003542476740674273,0.00286566183237662,4.393311748389503e-05,15,0.007694063812559447,0.005221630269013544,coolbet,15,0.0627,1.33,3.45,EPL,Goles (Over/Under),0.7275,coolbet:1.77; tipico_de:1.72; leovegas:1.72; leovegas_se:1.72; unibet_nl:1.71; grosvenor:1.71; unibet_se:1.71; casumo:1.71; tabtouch:1.71; mybookieag:1.7; betsson:1.7; nordicbet:1.7; betmgm:1.69; codere_it:1.67; williamhill:1.67
Torino vs Udinese,2026-01-07 14:45:00,Under 2.5,1.63,1.5769,3.862795329750675e-05,13,0.007193270580417333,0.005957603249482895,6.049715179520804e-05,13,0.008843616275028415,0.007064586527001935,codere_it,13,0.0531,1.42,3.9,Serie A,Goles (Over/Under),0.6538,codere_it:1.63; betmgm:1.61; tipico_de:1.6; nordicbet:1.58; betsson:1.58; williamhill:1.57; leovegas_se:1.57; grosvenor:1.57; casumo:1.56; unibet_nl:1.56; tabtouch:1.56; unibet_se:1.56; leovegas:1.55
Manchester City vs Brighton and Hove Albion,2026-01-07 14:30:00,Under 3.5,1.8,1.7414,3.341882337671195e-05,14,0.00678603677366769,0.005247560673968731,5.085120918582153e-05,14,0.008304745874446571,0.006207594933771122,coolbet,14,0.0586,1.45,3.4,EPL,Goles (Over/Under),0.6471,coolbet:1.8; codere_it:1.77; tipico_de:1.77; nordicbet:1.75; betsson:1.75; leovegas_se:1.74; leovegas:1.74; unibet_se:1.73; unibet_nl:1.73; casumo:1.73; tabtouch:1.73; grosvenor:1.73; mybookieag:1.72; betmgm:1.69
Lazio vs Fiorentina,2026-01-07 14:45:00,Over 2.5,2.27,2.19,2.2182765055175938e-05,13,0.005486077768149762,0.004880267251817061,4.3615136983879855e-05,13,0.007742015065009967,0.00666930834831686,codere_it,13,0.08,1.72,3.93,Serie A,Goles (Over/Under),0.6158,codere_it:2.27; tipico_de:2.25; betsson:2.22; nordicbet:2.22; leovegas_se:2.2; grosvenor:2.18; unibet_nl:2.17; casumo:2.17; tabtouch:2.17; unibet_se:2.17; williamhill:2.15; leovegas:2.15; betmgm:2.15
Parma vs Inter Milan,2026-01-07 14:45:00,Over 2.5,1.65,1.5954,4.30416428034936e-05,13,0.00760496223297303,0.007215925793762503,7.521091403438267e-05,13,0.009883898779330434,0.008303409878260308,codere_it,13,0.0546,1.59,4.08,Serie A,Goles (Over/Under),0.598,codere_it:1.65; nordicbet:1.62; betsson:1.62; betmgm:1.61; tipico_de:1.6; williamhill:1.6; leovegas_se:1.6; grosvenor:1.6; unibet_nl:1.57; casumo:1.57; tabtouch:1.57; unibet_se:1.57; leovegas:1.56
Bournemouth vs Tottenham Hotspur,2026-01-07 14:30:00,Over 2.5,1.73,1.7,1.0439207471531484e-05,15,0.0037810487322936055,0.003491315488927212,2.7744569204702036e-05,15,0.006099375760656692,0.004193535108865776,coolbet,15,0.03,1.03,3.68,EPL,Goles (Over/Under),0.5761,coolbet:1.73; betsson:1.72; nordicbet:1.72; leovegas_se:1.71; leovegas:1.71; tipico_de:1.7; casumo:1.7; unibet_se:1.7; grosvenor:1.7; unibet_nl:1.7; tabtouch:1.7; mybookieag:1.69; betmgm:1.69; williamhill:1.67; codere_it:1.66
Bournemouth vs Tottenham Hotspur,2026-01-07 14:30:00,Under 2.5,2.18,2.13,1.0439207471531484e-05,15,0.0037810487322936033,0.0034913154889271974,6.414143090818777e-05,15,0.009415086314375157,0.008289074614041563,coolbet,15,0.05,1.98,3.68,EPL,Goles (Over/Under),0.5761,coolbet:2.18; leovegas_se:2.17; leovegas:2.17; casumo:2.16; unibet_se:2.16; grosvenor:2.16; unibet_nl:2.16; tabtouch:2.16; betsson:2.12; nordicbet:2.12; tipico_de:2.1; williamhill:2.1; mybookieag:2.09; codere_it:2.05; betmgm:2.05
Crystal Palace vs Aston Villa,2026-01-07 14:30:00,Over 2.5,1.96,1.9071,4.576351945916914e-06,17,0.00251869470039717,0.002210317898473365,5.726046651977081e-05,17,0.008894843867964231,0.007396360411195284,coolbet,17,0.0529,1.68,3.65,EPL,Goles (Over/Under),0.5753,coolbet:1.96; pinnacle:1.94; leovegas_se:1.93; leovegas:1.93; betsson:1.92; nordicbet:1.92; grosvenor:1.92; unibet_nl:1.92; unibet_se:1.92; casumo:1.92; tabtouch:1.92; bovada:1.91; mybookieag:1.88; tipico_de:1.87; betmgm:1.87; williamhill:1.85; codere_it:1.84
Rangers vs Aberdeen,2026-01-06 15:00:00,Over 2.75,1.83,1.815,1.6532978785745254e-05,2,0.004781491002570748,0.004781491002570748,1.5115876351112236e-05,2,0.004553734061930825,0.004553734061930825,pinnacle,2,0.015,0.83,3.19,Premiership,Goles (Over/Under),0.5705,pinnacle:1.83; bovada:1.8
Rangers vs Aberdeen,2026-01-06 15:00:00,Under 2.75,2.06,2.005,1.6532978785745254e-05,2,0.004781491002570665,0.004781491002570665,0.00013525788268479565,2,0.013691809808314692,0.013691809808314692,pinnacle,2,0.055,2.74,3.19,Premiership,Goles (Over/Under),0.5705,pinnacle:2.06; bovada:1.95
Lecce vs AS Roma,2026-01-06 12:00:00,Under 2.5,1.63,1.5792,3.9895998792312356e-05,13,0.0073022927298229965,0.007034039408286097,8.638640509891612e-05,13,0.010571652093885761,0.009312267218518598,codere_it,13,0.0508,1.69,4.08,Serie A,Goles (Over/Under),0.5662,codere_it:1.63; betsson:1.62; nordicbet:1.62; tipico_de:1.6; williamhill:1.57; leovegas_se:1.57; betmgm:1.57; grosvenor:1.56; unibet_se:1.56; casumo:1.56; unibet_nl:1.56; tabtouch:1.56; leovegas:1.55
Everton vs Wolverhampton Wanderers,2026-01-07 14:30:00,Under 2.5,1.79,1.7327,4.894199387592516e-05,15,0.008201007455724649,0.007523603505165581,4.652331111423043e-05,15,0.00794062161128718,0.007135952612284288,coolbet,15,0.0573,1.39,3.48,EPL,Goles (Over/Under),0.5517,coolbet:1.79; codere_it:1.76; nordicbet:1.75; betsson:1.75; tipico_de:1.75; williamhill:1.75; betmgm:1.74; leovegas:1.72; leovegas_se:1.72; mybookieag:1.71; tabtouch:1.71; unibet_se:1.71; grosvenor:1.71; casumo:1.71; unibet_nl:1.71
Newcastle United vs Leeds United,2026-01-07 15:15:00,Under 2.5,2.08,2.015,2.3785354785753588e-05,16,0.00573307926685137,0.0054185480606156605,6.490865538886271e-05,16,0.009484948754063128,0.008518865040824237,coolbet,16,0.065,1.9,3.63,EPL,Goles (Over/Under),0.4876,coolbet:2.08; leovegas_se:2.05; leovegas:2.05; tabtouch:2.04; casumo:2.04; unibet_se:2.04; grosvenor:2.04; unibet_nl:2.04; codere_it:2.03; tipico_de:2.0; bovada:2.0; betsson:1.98; nordicbet:1.98; mybookieag:1.97; williamhill:1.95; betmgm:1.95
Newcastle United vs Leeds United,2026-01-07 15:15:00,Over 2.5,1.83,1.7937,2.3785354785753588e-05,16,0.005733079266851376,0.0054185480606156605,2.7688428596100698e-05,16,0.006157044460512182,0.00530630378001494,codere_it,16,0.0363,1.11,3.91,EPL,Goles (Over/Under),0.3811,codere_it:1.83; bovada:1.83; betsson:1.82; nordicbet:1.82; williamhill:1.8; coolbet:1.8; leovegas_se:1.79; leovegas:1.79; mybookieag:1.78; tabtouch:1.78; casumo:1.78; unibet_se:1.78; grosvenor:1.78; unibet_nl:1.78; tipico_de:1.77; betmgm:1.77
Rangers vs Aberdeen,2026-01-06 15:00:00,Under 2.5,2.24,2.18,8.640628745584531e-06,14,0.0034241732866288673,0.0021358355260216733,2.383905595708756e-05,14,0.005726500660722032,0.0047537947606077135,codere_it,14,0.06,1.26,5.99,Premiership,Goles (Over/Under),0.3489,codere_it:2.24; nordicbet:2.22; betsson:2.22; tipico_de:2.2; tabtouch:2.17; leovegas:2.17; grosvenor:2.17; casumo:2.17; unibet:2.17; unibet_se:2.17; unibet_nl:2.17; betmgm:2.15; williamhill:2.15; leovegas_se:2.15
Manchester City vs Brighton and Hove Albion,2026-01-07 14:30:00,Over 3.25,1.89,1.89,1.4300506594617244e-05,2,0.00445160769323949,0.00445160769323949,0.0,2,0.0,0.0,pinnacle,2,0.0,0.0,2.91,EPL,Goles (Over/Under),0.3127,pinnacle:1.89; bovada:1.89
Manchester City vs Brighton and Hove Albion,2026-01-07 14:30:00,Under 3.25,2.0,1.965,1.4300506594617244e-05,2,0.00445160769323949,0.00445160769323949,5.933222045455418e-05,2,0.0090673575129534,0.0090673575129534,pinnacle,2,0.035,1.78,2.91,EPL,Goles (Over/Under),0.3127,pinnacle:2.0; bovada:1.93
Parma vs Inter Milan,2026-01-07 14:45:00,Over 2.75,1.83,1.815,4.495097624888076e-08,2,0.00024911150230844115,0.00024911150230844115,1.5115876351112236e-05,2,0.004553734061930825,0.004553734061930825,pinnacle,2,0.015,0.83,2.72,Serie A,Goles (Over/Under),0.2978,pinnacle:1.83; bovada:1.8
Parma vs Inter Milan,2026-01-07 14:45:00,Under 2.75,2.08,2.065,4.495097624888076e-08,2,0.00024911150230844115,0.00024911150230844115,8.935689842070249e-06,2,0.003517823639774903,0.003517823639774903,pinnacle,2,0.015,0.73,2.72,Serie A,Goles (Over/Under),0.2978,pinnacle:2.08; bovada:2.05
Fulham vs Chelsea,2026-01-07 14:30:00,Over 2.75,2.01,2.005,5.431171554422004e-06,2,0.002741849960063686,0.002741849960063686,1.1159273379517543e-06,2,0.0012437810945273298,0.0012437810945273298,pinnacle,2,0.005,0.25,2.94,EPL,Goles (Over/Under),0.2891,pinnacle:2.01; bovada:2.0
Fulham vs Chelsea,2026-01-07 14:30:00,Under 2.75,1.88,1.855,5.431171554422004e-06,2,0.0027418499600636026,0.0027418499600636026,3.832740256322635e-05,2,0.007266596907336331,0.007266596907336331,pinnacle,2,0.025,1.35,2.94,EPL,Goles (Over/Under),0.2891,pinnacle:1.88; bovada:1.83
Pisa vs Como,2026-01-06 09:00:00,Over 2.5,2.23,2.165,5.9768204061670625e-05,14,0.009030631698556184,0.008023447941150499,9.607544589638948e-05,14,0.011512788020097352,0.010063880877858172,leovegas_se,14,0.065,2.45,5.08,Serie A,Goles (Over/Under),0.2815,leovegas_se:2.23; grosvenor:2.23; tipico_de:2.2; unibet_se:2.2; casumo:2.2; unibet_nl:2.2; tabtouch:2.2; leovegas:2.18; coolbet:2.17; nordicbet:2.12; betsson:2.12; codere_it:2.11; betmgm:2.1; williamhill:2.05
Lazio vs Fiorentina,2026-01-07 14:45:00,Under 2.5,1.68,1.6485,2.2182765055175938e-05,13,0.005486077768149791,0.004880267251817074,4.584291642051754e-05,13,0.00778345587718967,0.00696360911913889,leovegas_se,13,0.0315,1.28,4.98,Serie A,Goles (Over/Under),0.2751,leovegas_se:1.68; codere_it:1.67; grosvenor:1.67; unibet_nl:1.66; casumo:1.66; tabtouch:1.66; unibet_se:1.66; williamhill:1.65; leovegas:1.64; betsson:1.62; nordicbet:1.62; tipico_de:1.62; betmgm:1.62
Burnley vs Manchester United,2026-01-07 15:15:00,Over 2.75,1.94,1.925,0.0,2,0.0,0.0,1.1839329766540063e-05,2,0.004048145949155257,0.004048145949155257,pinnacle,2,0.015,0.78,3.09,EPL,Goles (Over/Under),0.2621,pinnacle:1.94; bovada:1.91
Burnley vs Manchester United,2026-01-07 15:15:00,Under 2.75,1.94,1.925,0.0,2,0.0,0.0,1.1839329766540063e-05,2,0.004048145949155257,0.004048145949155257,pinnacle,2,0.015,0.78,3.09,EPL,Goles (Over/Under),0.2621,pinnacle:1.94; bovada:1.91
Lazio vs Fiorentina,2026-01-07 14:45:00,Over 2.25,2.04,2.02,8.974480686997936e-07,2,0.0011141911710417507,0.0011141911710417507,1.733557034861973e-05,2,0.004901960784313736,0.004901960784313736,pinnacle,2,0.02,0.99,3.07,Serie A,Goles (Over/Under),0.2573,pinnacle:2.04; bovada:2.0
Lazio vs Fiorentina,2026-01-07 14:45:00,Under 2.25,1.85,1.84,8.974480686997936e-07,2,0.0011141911710417784,0.0011141911710417784,6.341650590827399e-06,2,0.002953773445576735,0.002953773445576735,pinnacle,2,0.01,0.54,3.07,Serie A,Goles (Over/Under),0.2573,pinnacle:1.85; bovada:1.83
Torino vs Udinese,2026-01-07 14:45:00,Over 2.25,2.1,2.075,3.8626729495373335e-06,2,0.002308433254724851,0.002308433254724851,2.4358963456402264e-05,2,0.005807200929152185,0.005807200929152184,pinnacle,2,0.025,1.2,2.87,Serie A,Goles (Over/Under),0.2544,pinnacle:2.1; bovada:2.05
Torino vs Udinese,2026-01-07 14:45:00,Under 2.25,1.81,1.805,3.8626729495373335e-06,2,0.0023084332547247954,0.0023084332547247954,1.7190282134779016e-06,2,0.0015346838551258402,0.0015346838551258402,pinnacle,2,0.005,0.28,2.87,Serie A,Goles (Over/Under),0.2544,pinnacle:1.81; bovada:1.8
Melbourne City vs Brisbane Roar,2026-01-06 03:00:00,Over 2.25,1.83,1.825,4.043581717756825e-06,2,0.0023637820512819596,0.0023637820512819596,1.6407910598303433e-06,2,0.0015012310094277281,0.0015012310094277281,pinnacle,2,0.005,0.27,2.95,A-League,Goles (Over/Under),0.2542,pinnacle:1.83; bovada:1.82
Melbourne City vs Brisbane Roar,2026-01-06 03:00:00,Under 2.25,2.07,2.045,4.043581717756825e-06,2,0.0023637820512820984,0.0023637820512820984,2.5799235912793818e-05,2,0.005978858755440741,0.005978858755440741,pinnacle,2,0.025,1.22,2.95,A-League,Goles (Over/Under),0.2542,pinnacle:2.07; bovada:2.02
Bournemouth vs Tottenham Hotspur,2026-01-07 14:30:00,Over 2.75,1.94,1.885,8.887945183650575e-05,2,0.011096605744125299,0.011096605744125299,0.0001738425815731924,2,0.015492084952960339,0.015492084952960339,pinnacle,2,0.055,2.92,3.09,EPL,Goles (Over/Under),0.2524,pinnacle:1.94; bovada:1.83
Everton vs Wolverhampton Wanderers,2026-01-07 14:30:00,Over 2.25,1.87,1.845,8.261606173219551e-06,2,0.0033807305055699177,0.0033807305055699177,3.92028447094375e-05,2,0.007345595580889708,0.007345595580889708,pinnacle,2,0.025,1.36,2.98,EPL,Goles (Over/Under),0.2483,pinnacle:1.87; bovada:1.82
Everton vs Wolverhampton Wanderers,2026-01-07 14:30:00,Under 2.25,2.02,2.02,8.261606173219551e-06,2,0.0033807305055698067,0.0033807305055698067,0.0,2,0.0,0.0,pinnacle,2,0.0,0.0,2.98,EPL,Goles (Over/Under),0.2483,pinnacle:2.02; bovada:2.02
Pisa vs Como,2026-01-06 09:00:00,Over 2.25,1.95,1.9,6.893730120627523e-05,2,0.009774299480498433,0.009774299480498433,0.0001389981423238892,2,0.013860013860013787,0.013860013860013787,pinnacle,2,0.05,2.63,3.1,Serie A,Goles (Over/Under),0.2355,pinnacle:1.95; bovada:1.85
Lecce vs AS Roma,2026-01-06 12:00:00,Under 2.25,1.83,1.805,1.1862998802673777e-05,2,0.004045436428856186,0.004045436428856186,4.2996465501765396e-05,2,0.007674832688647437,0.007674832688647437,pinnacle,2,0.025,1.39,2.95,Serie A,Goles (Over/Under),0.2237,pinnacle:1.83; bovada:1.78
West Ham United vs Nottingham Forest,2026-01-06 15:00:00,Under 2.5,1.95,1.84,7.794609944290068e-05,17,0.010389216864448398,0.008457793106173457,0.00015721980646719283,17,0.014700479241558909,0.01267209170829732,bovada,17,0.11,2.7,4.76,EPL,Goles (Over/Under),0.2206,bovada:1.95; leovegas_se:1.87; unibet_nl:1.87; leovegas:1.87; tabtouch:1.87; casumo:1.87; unibet_se:1.87; grosvenor:1.87; coolbet:1.87; tipico_de:1.85; pinnacle:1.84; williamhill:1.8; mybookieag:1.79; betsson:1.78; nordicbet:1.78; betmgm:1.77; codere_it:1.76
Manchester City vs Brighton and Hove Albion,2026-01-07 14:30:00,Over 3.5,2.12,2.0771,3.341882337671195e-05,14,0.006786036773667679,0.005247560673968719,8.121580996462913e-05,14,0.010606793590532017,0.008307400486668512,leovegas_se,14,0.0429,2.13,4.64,EPL,Goles (Over/Under),0.2069,leovegas_se:2.12; leovegas:2.12; codere_it:2.11; unibet_se:2.1; unibet_nl:2.1; casumo:2.1; tabtouch:2.1; grosvenor:2.1; coolbet:2.09; nordicbet:2.05; betsson:2.05; betmgm:2.05; mybookieag:2.04; tipico_de:1.95
Parma vs Inter Milan,2026-01-07 14:45:00,Under 2.5,2.33,2.2831,4.30416428034936e-05,13,0.007604962232973017,0.007215925793762478,5.8343200018298426e-05,13,0.008929625091201696,0.008216813242494493,leovegas_se,13,0.0469,2.01,5.42,Serie A,Goles (Over/Under),0.203,leovegas_se:2.33; grosvenor:2.33; unibet_nl:2.32; casumo:2.32; tabtouch:2.32; unibet_se:2.32; codere_it:2.3; leovegas:2.3; tipico_de:2.25; williamhill:2.25; nordicbet:2.22; betsson:2.22; betmgm:2.2
Lecce vs AS Roma,2026-01-06 12:00:00,Over 2.5,2.4,2.3238,3.9895998792312356e-05,13,0.0073022927298229375,0.007034039408286046,5.354586514746545e-05,13,0.008534222122108975,0.007448863780497887,leovegas_se,13,0.0762,1.97,5.36,Serie A,Goles (Over/Under),0.1922,leovegas_se:2.4; grosvenor:2.38; unibet_se:2.35; casumo:2.35; unibet_nl:2.35; tabtouch:2.35; codere_it:2.34; leovegas:2.33; tipico_de:2.3; betsson:2.28; nordicbet:2.28; williamhill:2.25; betmgm:2.25
Brentford vs Sunderland,2026-01-07 14:30:00,Under 2.5,1.85,1.8159,5.57973014319444e-05,17,0.008785089322632058,0.008453386311155324,0.00010419744129662406,17,0.01194419498822158,0.010681850591451292,bovada,17,0.0341,2.14,4.56,EPL,Goles (Over/Under),0.1754,bovada:1.85; unibet_se:1.85; grosvenor:1.85; unibet_nl:1.85; casumo:1.85; leovegas_se:1.85; leovegas:1.85; tabtouch:1.85; pinnacle:1.83; codere_it:1.82; coolbet:1.82; mybookieag:1.78; betsson:1.78; nordicbet:1.78; tipico_de:1.77; williamhill:1.75; betmgm:1.74
Everton vs Wolverhampton Wanderers,2026-01-07 14:30:00,Over 2.5,2.15,2.0987,4.894199387592516e-05,15,0.008201007455724687,0.007523603505165625,0.00010124401682630204,15,0.011837357718029745,0.010194804308567177,leovegas,15,0.0513,2.44,4.65,EPL,Goles (Over/Under),0.1613,leovegas:2.15; leovegas_se:2.15; tabtouch:2.14; unibet_se:2.14; grosvenor:2.14; casumo:2.14; unibet_nl:2.14; codere_it:2.12; coolbet:2.1; nordicbet:2.08; betsson:2.08; mybookieag:2.05; tipico_de:2.05; williamhill:2.0; betmgm:2.0
Rangers vs Aberdeen,2026-01-06 15:00:00,Over 2.5,1.65,1.6079,8.640628745584531e-06,14,0.0034241732866288795,0.002135835526021717,3.768244436586984e-05,14,0.007012053339352223,0.005530906754551249,williamhill,14,0.0421,1.13,7.12,Premiership,Goles (Over/Under),0.1348,williamhill:1.65; codere_it:1.63; betmgm:1.62; nordicbet:1.62; betsson:1.62; tipico_de:1.6; tabtouch:1.6; leovegas:1.6; grosvenor:1.6; casumo:1.6; unibet:1.6; unibet_se:1.6; unibet_nl:1.6; leovegas_se:1.57
Torino vs Udinese,2026-01-07 14:45:00,Over 2.5,2.38,2.3254,3.862795329750675e-05,13,0.0071932705804173235,0.005957603249482886,6.36959818314906e-05,13,0.009320161280218897,0.0068737336595490065,leovegas_se,13,0.0546,2.1,5.71,Serie A,Goles (Over/Under),0.1296,leovegas_se:2.38; grosvenor:2.38; codere_it:2.35; casumo:2.35; unibet_nl:2.35; tabtouch:2.35; unibet_se:2.35; leovegas:2.33; nordicbet:2.32; betsson:2.32; tipico_de:2.3; williamhill:2.25; betmgm:2.2
Burnley vs Manchester United,2026-01-07 15:15:00,Under 2.5,2.15,2.1113,9.153824214991391e-06,15,0.0035424767406742733,0.0028656618323766275,4.270804588667058e-05,15,0.007686602622455935,0.005970918478668889,betsson,15,0.0387,1.59,5.34,EPL,Goles (Over/Under),0.1161,betsson:2.15; nordicbet:2.15; leovegas:2.14; leovegas_se:2.14; coolbet:2.13; unibet_nl:2.12; grosvenor:2.12; unibet_se:2.12; casumo:2.12; tabtouch:2.12; tipico_de:2.1; williamhill:2.1; mybookieag:2.08; betmgm:2.05; codere_it:2.03
Melbourne City vs Brisbane Roar,2026-01-06 03:00:00,Over 2.5,2.08,2.0407,0.00013089637279813636,14,0.013419415114485307,0.012630924772518941,0.0001278296534914434,14,0.013309050599576462,0.011683645703440817,tabtouch,14,0.0393,2.64,8.68,A-League,Goles (Over/Under),-0.0588,tabtouch:2.08; grosvenor:2.08; unibet:2.08; leovegas:2.08; leovegas_se:2.08; unibet_nl:2.08; casumo:2.08; unibet_se:2.08; coolbet:2.06; williamhill:2.0; betmgm:2.0; betsson:1.98; nordicbet:1.98; codere_it:1.91
Crystal Palace vs Aston Villa,2026-01-07 14:30:00,X2,1.4987,1.3778,,,,,0.00026386894138393055,38,0.017176759845691402,0.01414240021317179,bovada,38,0.1209,2.42,5.34,EPL,Doble Chance,-0.0618,bovada:1.4987; betfair_ex_au:1.4223; betfair_ex_eu:1.4223; betfair_ex_uk:1.4223; coolbet:1.4085; smarkets:1.4069; betsson:1.4; nordicbet:1.4; unibet_nl:1.3988; pinnacle:1.3983; marathonbet:1.3966; coral:1.3965; unibet_se:1.3952; codere_it:1.3931; unibet_uk:1.3914; pointsbetau:1.3896; betmgm:1.3896; draftkings:1.3811; leovegas:1.38; leovegas_se:1.3728; fanduel:1.3726; winamax_de:1.3637; betway:1.3554; tab:1.3554; ladbrokes_uk:1.3554; grosvenor:1.354; unibet:1.354; casumo:1.354; tabtouch:1.354; mybookieag:1.352; betclic_fr:1.3484; paddypower:1.3468; sport888:1.3468; williamhill:1.3468; skybet:1.3382; tipico_de:1.3378; winamax_fr:1.3295; virginbet:1.3279
Lecce vs AS Roma,2026-01-06 12:00:00,Over 2.25,2.08,2.075,1.1862998802673777e-05,2,0.004045436428856158,0.004045436428856158,9.740594172518476e-07,2,0.001161278335191418,0.001161278335191418,bovada,2,0.005,0.24,4.26,Serie A,Goles (Over/Under),-0.1526,bovada:2.08; pinnacle:2.07
Pisa vs Como,2026-01-06 09:00:00,Under 2.25,1.98,1.955,6.893730120627523e-05,2,0.009774299480498544,0.009774299480498544,3.0891203367165243e-05,2,0.006542104987700859,0.006542104987700859,bovada,2,0.025,1.28,4.56,Serie A,Goles (Over/Under),-0.1601,bovada:1.98; pinnacle:1.93
Bournemouth vs Tottenham Hotspur,2026-01-07 14:30:00,Under 2.75,2.0,1.97,8.887945183650575e-05,2,0.011096605744125326,0.011096605744125326,4.3137780586547606e-05,2,0.007731958762886626,0.007731958762886626,bovada,2,0.03,1.52,4.64,EPL,Goles (Over/Under),-0.1659,bovada:2.0; pinnacle:1.94
