Mercado,Variable,Grupo,N,Aciertos,Pct_Acierto,Rendimiento_U,ROI_Pct,Rango_Min,Rango_Max,Mediana
Under 2.25,TOTAL_MERCADO,TOTAL,148,94,63.51,33.96,22.95,,,
Under 2.25,BDI_n_bookmakers_fair,BAJO,133,82,61.65,25.71,19.33,2.0,5.0,5.0
Under 2.25,BDI_n_bookmakers,BAJO,133,82,61.65,25.71,19.33,2.0,5.0,5.0
Under 2.25,Num_Casas,BAJO,133,82,61.65,25.71,19.33,2.0,5.0,5.0
Under 2.25,Mejor_Cuota,ALTO,72,47,65.28,22.28,30.94,1.94,2.09,1.94
Under 2.25,Cuota_Promedio_Mercado,ALTO,74,48,64.86,22.18,29.97,1.91125,2.09,1.91125
Under 2.25,Margen_Casa_Pct,ALTO,74,50,67.57,21.21,28.66,4.77,7.25,4.77
Under 2.25,Mejor_Casa,pinnacle,92,57,61.96,19.4,21.09,,,
Under 2.25,BDI_jsd,ALTO,74,47,63.51,18.29,24.72,1.2e-05,0.000179,1.2e-05
Under 2.25,BDI_std_p,ALTO,74,47,63.51,18.29,24.72,0.004855,0.018896,0.004855
Under 2.25,BDI_mad_p,ALTO,74,47,63.51,18.16,24.54,0.004116,0.01688,0.004116
Under 2.25,Diferencia_Cuota_Promedio,BAJO,77,50,64.94,17.97,23.34,-0.0,0.024,0.024
Under 2.25,Volatilidad_Pct,ALTO,73,46,63.01,17.62,24.14,0.018,0.0718,0.018
Under 2.25,BDI_mad_p_fair,BAJO,74,47,63.51,17.28,23.35,0.0,0.003905,0.003905
Under 2.25,BDI_jsd_fair,BAJO,74,47,63.51,17.2,23.24,-0.0,1e-05,1e-05
Under 2.25,BDI_std_p_fair,BAJO,74,47,63.51,17.2,23.24,0.0,0.004448,0.004448
Under 2.25,BDI_jsd_fair,ALTO,74,47,63.51,16.76,22.65,1e-05,0.000157,1e-05
Under 2.25,BDI_std_p_fair,ALTO,74,47,63.51,16.76,22.65,0.004448,0.017714,0.004448
Under 2.25,BDI_mad_p_fair,ALTO,74,47,63.51,16.68,22.54,0.003905,0.017228,0.003905
Under 2.25,Volatilidad_Pct,BAJO,75,48,64.0,16.34,21.79,0.0,0.018,0.018
Under 2.25,Diferencia_Cuota_Promedio,ALTO,71,44,61.97,15.99,22.52,0.024,0.1067,0.024
Under 2.25,BDI_mad_p,BAJO,74,47,63.51,15.8,21.35,0.0,0.004116,0.004116
Under 2.25,BDI_jsd,BAJO,74,47,63.51,15.67,21.18,0.0,1.2e-05,1.2e-05
Under 2.25,BDI_std_p,BAJO,74,47,63.51,15.67,21.18,0.0,0.004855,0.004855
Over 2.75,Volatilidad_Pct,BAJO,44,31,70.45,15.11,34.34,0.0,0.01955,0.01955
Over 2.5,Liga,Serie B,18,14,77.78,13.83,76.83,,,
Over 2.75,BDI_n_bookmakers_fair,BAJO,64,40,62.5,13.38,20.91,2.0,5.0,5.0
Over 2.75,BDI_n_bookmakers,BAJO,64,40,62.5,13.38,20.91,2.0,5.0,5.0
Over 2.75,Num_Casas,BAJO,64,40,62.5,13.38,20.91,2.0,5.0,5.0
Over 2.75,BDI_mad_p,BAJO,44,30,68.18,13.34,30.32,0.0,0.004661,0.004661
Over 2.75,BDI_jsd,BAJO,44,30,68.18,13.18,29.95,-0.0,1.5e-05,1.5e-05
Over 2.75,BDI_std_p,BAJO,44,30,68.18,13.18,29.95,0.0,0.00539,0.00539
Over 2.75,Diferencia_Cuota_Promedio,BAJO,44,30,68.18,13.14,29.86,0.0,0.0229,0.0229
Under 2.25,Margen_Casa_Pct,BAJO,74,44,59.46,12.75,17.23,3.25,4.77,4.77
Under 2.25,Cuota_Promedio_Mercado,BAJO,74,46,62.16,11.78,15.92,1.69,1.91125,1.91125
Under 2.25,Mejor_Cuota,BAJO,76,47,61.84,11.68,15.37,1.69,1.94,1.94
Over 2.75,BDI_jsd_fair,BAJO,44,28,63.64,10.03,22.8,0.0,1.1e-05,1.1e-05
Over 2.75,BDI_std_p_fair,BAJO,44,28,63.64,10.03,22.8,0.0,0.004725,0.004725
Over 2.75,Mejor_Casa,pinnacle,49,30,61.22,9.44,19.27,,,
Under 2.25,BDI_n_bookmakers_fair,ALTO,15,12,80.0,8.25,55.0,5.0,7.0,5.0
Under 2.25,BDI_n_bookmakers,ALTO,15,12,80.0,8.25,55.0,5.0,7.0,5.0
Under 2.25,Num_Casas,ALTO,15,12,80.0,8.25,55.0,5.0,7.0,5.0
Over 2.5,Mejor_Casa,pinnacle,42,26,61.9,8.24,19.62,,,
Under 2.25,Liga,League One,13,11,84.62,8.22,63.23,,,
Under 2.5,Mejor_Casa,coolbet,29,20,68.97,7.05,24.31,,,
Over 2.75,TOTAL_MERCADO,TOTAL,88,49,55.68,6.81,7.74,,,
Over 2.75,Mejor_Cuota,BAJO,52,31,59.62,6.66,12.81,1.66,1.96,1.96
Over 2.75,BDI_mad_p_fair,BAJO,44,26,59.09,6.33,14.39,0.0,0.00362,0.00362
Under 2.5,Liga,Eredivisie,14,10,71.43,5.84,41.71,,,
Under 2.5,Cuota_Promedio_Mercado,BAJO,210,128,60.95,5.77,2.75,1.355,1.8052,1.8052
Over 2.5,Mejor_Casa,unibet_eu,11,7,63.64,5.7,51.82,,,
Over 2.5,Cuota_Promedio_Mercado,BAJO,210,119,56.67,5.62,2.68,1.21,1.97035,1.97035
Over 3.5,Mejor_Cuota,ALTO,26,12,46.15,5.6,21.54,2.4,3.1,2.4
Over 1.5,BDI_jsd,BAJO,18,15,83.33,5.4,30.0,0.0,6.3e-05,6.3e-05
Under 2.25,Mejor_Casa,betonlineag,14,10,71.43,5.3,37.86,,,
Over 1.5,BDI_std_p,BAJO,18,15,83.33,5.27,29.28,0.0,0.010607,0.010607
Over 3.5,Mejor_Casa,unibet_eu,7,5,71.43,5.24,74.86,,,
Under 2.75,BDI_n_bookmakers_fair,ALTO,24,15,62.5,4.97,20.71,5.0,7.0,5.0
Under 2.75,BDI_n_bookmakers,ALTO,24,15,62.5,4.97,20.71,5.0,7.0,5.0
Under 2.75,Num_Casas,ALTO,24,15,62.5,4.97,20.71,5.0,7.0,5.0
Under 1.5,Mejor_Cuota,BAJO,19,10,52.63,4.86,25.58,2.2,2.46,2.46
Over 2.5,BDI_n_bookmakers_fair,ALTO,157,82,52.23,4.8,3.06,10.0,17.0,10.0
Over 2.5,BDI_n_bookmakers,ALTO,157,82,52.23,4.8,3.06,10.0,17.0,10.0
Over 2.5,Num_Casas,ALTO,157,82,52.23,4.8,3.06,10.0,17.0,10.0
Under 2.25,Liga,Serie A,9,7,77.78,4.76,52.89,,,
Over 3.5,Margen_Casa_Pct,ALTO,29,14,48.28,4.75,16.38,6.335,9.46,6.335
Under 1.5,Diferencia_Cuota_Promedio,ALTO,17,9,52.94,4.71,27.71,0.0575,0.19,0.0575
Under 2.5,BDI_std_p_fair,ALTO,210,116,55.24,4.67,2.22,0.006216,0.021956,0.006216
Under 2.5,Mejor_Casa,williamhill,34,23,67.65,4.66,13.71,,,
Over 3.5,Liga,A-League,5,4,80.0,4.36,87.2,,,
Under 2.5,Mejor_Casa,betrivers,37,22,59.46,4.32,11.68,,,
Under 2.25,Liga,Championship,11,8,72.73,4.3,39.09,,,
Under 2.5,Liga,Bundesliga,11,7,63.64,4.25,38.64,,,
Under 3.25,Mejor_Cuota,BAJO,9,7,77.78,4.08,45.33,1.81,1.905,1.905
Under 2.5,Liga,3. Liga,14,9,64.29,4.08,29.14,,,
Under 2.25,Liga,Liga MX,4,4,100.0,4.0,100.0,,,
Under 2.25,Liga,Eredivisie,4,4,100.0,3.97,99.25,,,
Over 3.0,Liga,A-League,4,4,100.0,3.93,98.25,,,
Over 2.5,Mejor_Casa,betsson,19,12,63.16,3.93,20.68,,,
Over 2.5,Mejor_Casa,williamhill,33,19,57.58,3.92,11.88,,,
Under 2.25,Mejor_Casa,bovada,25,15,60.0,3.88,15.52,,,
Over 2.75,Cuota_Promedio_Mercado,ALTO,44,24,54.55,3.87,8.8,1.92225,2.0167,1.92225
Over 2.5,Liga,Ekstraklasa,14,9,64.29,3.84,27.43,,,
Under 2.5,Mejor_Casa,unibet,25,15,60.0,3.78,15.12,,,
Over 1.5,BDI_mad_p,BAJO,18,14,77.78,3.75,20.83,0.0,0.009524,0.009524
Over 2.75,Margen_Casa_Pct,ALTO,44,25,56.82,3.72,8.45,4.73,7.0,4.73
Over 3.5,Liga,Süper Lig,3,3,100.0,3.7,123.33,,,
Under 2.25,Mejor_Casa,lowvig,15,10,66.67,3.69,24.6,,,
Under 2.5,BDI_n_bookmakers_fair,BAJO,263,146,55.51,3.66,1.39,2.0,10.0,10.0
Under 2.5,BDI_n_bookmakers,BAJO,263,146,55.51,3.66,1.39,2.0,10.0,10.0
Under 2.5,Num_Casas,BAJO,263,146,55.51,3.66,1.39,2.0,10.0,10.0
Over 1.5,Volatilidad_Pct,BAJO,18,14,77.78,3.63,20.17,0.0,0.0264,0.0264
Over 2.5,Liga,Bundesliga 2,18,12,66.67,3.6,20.0,,,
Under 2.5,Liga,MLS,37,19,51.35,3.55,9.59,,,
Over 2.75,Mejor_Casa,betonlineag,8,6,75.0,3.45,43.13,,,
Under 2.75,Liga,Eredivisie,8,6,75.0,3.44,43.0,,,
Under 1.5,Cuota_Promedio_Mercado,BAJO,18,9,50.0,3.41,18.94,2.125,2.4275,2.4275
Under 2.25,Liga,K League 1,10,7,70.0,3.31,33.1,,,
Under 2.5,Liga,Serie A,13,9,69.23,3.2,24.62,,,
Over 2.25,Liga,Serie B,7,5,71.43,3.12,44.57,,,
Over 2.75,Margen_Casa_Pct,BAJO,44,24,54.55,3.09,7.02,2.61,4.73,4.73
Over 2.5,Liga,La Liga,9,5,55.56,3.0,33.33,,,
Under 1.75,Margen_Casa_Pct,ALTO,7,5,71.43,2.98,42.57,4.225,5.04,4.225
Over 1.5,Mejor_Cuota,BAJO,20,15,75.0,2.95,14.75,1.43,1.58,1.58
Over 2.75,Cuota_Promedio_Mercado,BAJO,44,25,56.82,2.94,6.68,1.66,1.92225,1.92225
Under 2.25,Liga,Austrian Bundesliga,3,3,100.0,2.88,96.0,,,
Over 2.5,Mejor_Casa,bovada,7,5,71.43,2.87,41.0,,,
Under 2.5,Mejor_Casa,bovada,3,3,100.0,2.84,94.67,,,
Under 1.75,BDI_jsd,BAJO,7,5,71.43,2.83,40.43,0.0,1.9e-05,1.9e-05
Under 1.75,BDI_std_p,BAJO,7,5,71.43,2.83,40.43,0.0,0.006198,0.006198
Under 1.75,Diferencia_Cuota_Promedio,BAJO,7,5,71.43,2.83,40.43,0.0,0.0345,0.0345
Under 1.75,Volatilidad_Pct,BAJO,7,5,71.43,2.83,40.43,0.0,0.02195,0.02195
Over 2.5,Mejor_Cuota,BAJO,221,123,55.66,2.77,1.25,1.22,2.05,2.05
Over 2.75,Liga,Bundesliga 2,5,4,80.0,2.74,54.8,,,
Under 2.5,BDI_jsd_fair,ALTO,210,115,54.76,2.72,1.3,2e-05,0.000247,2e-05
Under 1.5,Liga,La Liga 2,7,4,57.14,2.71,38.71,,,
Under 2.25,Liga,La Liga 2,5,4,80.0,2.71,54.2,,,
Over 2.0,Mejor_Casa,coolbet,3,3,100.0,2.67,89.0,,,
Under 2.0,Liga,J1 League,5,4,80.0,2.61,52.2,,,
Over 1.75,Liga,J1 League,3,3,100.0,2.6,86.67,,,
Under 2.75,Mejor_Casa,lowvig,9,6,66.67,2.59,28.78,,,
Under 2.5,BDI_mad_p_fair,ALTO,210,115,54.76,2.58,1.23,0.005222,0.019206,0.005222
Over 2.75,Liga,A-League,3,3,100.0,2.57,85.67,,,
Under 2.5,Liga,K League 1,13,9,69.23,2.57,19.77,,,
Over 2.75,Mejor_Casa,bovada,11,7,63.64,2.47,22.45,,,
Under 2.5,Liga,Austrian Bundesliga,5,4,80.0,2.46,49.2,,,
Over 2.5,Liga,Eliteserien,3,3,100.0,2.43,81.0,,,
Under 3.25,Margen_Casa_Pct,ALTO,9,6,66.67,2.38,26.44,4.63,7.06,4.63
Over 1.75,BDI_jsd,BAJO,7,5,71.43,2.36,33.71,0.0,6e-06,6e-06
Over 1.75,BDI_std_p,BAJO,7,5,71.43,2.36,33.71,0.0,0.003382,0.003382
Over 1.75,BDI_mad_p,BAJO,7,5,71.43,2.36,33.71,0.0,0.002734,0.002734
Over 2.5,Liga,A-League,6,5,83.33,2.33,38.83,,,
Over 2.0,Liga,Serie B,7,5,71.43,2.31,33.0,,,
Under 3.5,Mejor_Casa,betrivers,4,4,100.0,2.2,55.0,,,
Over 1.5,Liga,League Two,4,4,100.0,2.19,54.75,,,
Under 3.25,Cuota_Promedio_Mercado,BAJO,9,6,66.67,2.18,24.22,1.81,1.873,1.873
Under 3.5,Liga,Eredivisie,3,3,100.0,2.12,70.67,,,
Under 3.0,Liga,Super League Switzerland,4,3,75.0,2.04,51.0,,,
Over 3.5,BDI_n_bookmakers_fair,BAJO,34,14,41.18,2.02,5.94,2.0,5.0,5.0
Over 3.5,BDI_n_bookmakers,BAJO,34,14,41.18,2.02,5.94,2.0,5.0,5.0
Over 3.5,Num_Casas,BAJO,34,14,41.18,2.02,5.94,2.0,5.0,5.0
Under 2.5,Liga,Super League Switzerland,6,4,66.67,2.01,33.5,,,
Under 3.0,BDI_n_bookmakers_fair,ALTO,6,4,66.67,1.97,32.83,6.0,7.0,6.0
Under 3.0,BDI_n_bookmakers,ALTO,6,4,66.67,1.97,32.83,6.0,7.0,6.0
Under 3.0,Num_Casas,ALTO,6,4,66.67,1.97,32.83,6.0,7.0,6.0
Under 3.0,Liga,Bundesliga,6,4,66.67,1.93,32.17,,,
Over 1.5,Diferencia_Cuota_Promedio,BAJO,18,13,72.22,1.92,10.67,0.0,0.0325,0.0325
Under 3.0,Mejor_Cuota,ALTO,24,13,54.17,1.87,7.79,1.91,2.15,1.91
Over 2.75,Liga,Ekstraklasa,6,4,66.67,1.87,31.17,,,
Under 3.5,Mejor_Casa,betsson,3,3,100.0,1.84,61.33,,,
Over 3.5,Mejor_Casa,onexbet,5,3,60.0,1.79,35.8,,,
Under 1.75,Liga,Liga Profesional,6,4,66.67,1.75,29.17,,,
Over 2.75,Liga,Liga Portugal,4,3,75.0,1.73,43.25,,,
Over 2.25,Liga,J1 League,6,4,66.67,1.68,28.0,,,
Over 2.75,Liga,League One,8,5,62.5,1.65,20.62,,,
Over 2.5,Liga,Superliga Denmark,4,3,75.0,1.63,40.75,,,
Over 2.0,Liga,La Liga,4,3,75.0,1.61,40.25,,,
Over 3.5,Liga,Scottish Premiership,3,2,66.67,1.6,53.33,,,
Under 2.5,Mejor_Casa,unibet_eu,11,6,54.55,1.59,14.45,,,
Under 2.75,Mejor_Casa,betus,4,3,75.0,1.57,39.25,,,
Over 2.5,BDI_std_p_fair,BAJO,210,105,50.0,1.56,0.74,0.0,0.006216,0.006216
Under 2.5,Mejor_Cuota,BAJO,216,129,59.72,1.56,0.72,1.36,1.86,1.86
Under 1.5,Liga,J1 League,6,3,50.0,1.55,25.83,,,
Under 3.5,Mejor_Casa,tipico_de,4,3,75.0,1.53,38.25,,,
Under 2.75,Liga,MLS,16,9,56.25,1.51,9.44,,,
Under 2.5,Volatilidad_Pct,ALTO,210,106,50.48,1.5,0.71,0.0321,0.098,0.0321
Under 3.5,Liga,Liga MX,5,4,80.0,1.45,29.0,,,
Over 4.5,TOTAL_MERCADO,TOTAL,1,1,100.0,1.4,140.0,,,
Over 1.5,Margen_Casa_Pct,ALTO,17,12,70.59,1.4,8.24,6.1,8.75,6.1
Under 2.5,Liga,League One,29,17,58.62,1.38,4.76,,,
Over 2.5,Liga,Liga Portugal,8,5,62.5,1.36,17.0,,,
Under 2.5,Liga,Championship,23,14,60.87,1.36,5.91,,,
Under 1.5,Margen_Casa_Pct,BAJO,18,8,44.44,1.3,7.22,3.16,6.61,6.61
Over 1.5,Mejor_Casa,betsson,5,4,80.0,1.27,25.4,,,
Under 2.75,Margen_Casa_Pct,ALTO,44,24,54.55,1.23,2.8,5.22,7.25,5.22
Under 2.25,Liga,League Two,16,9,56.25,1.2,7.5,,,
Under 3.25,BDI_n_bookmakers_fair,BAJO,10,6,60.0,1.18,11.8,2.0,4.0,4.0
Under 3.25,BDI_n_bookmakers,BAJO,10,6,60.0,1.18,11.8,2.0,4.0,4.0
Under 3.25,Num_Casas,BAJO,10,6,60.0,1.18,11.8,2.0,4.0,4.0
Under 3.5,Margen_Casa_Pct,BAJO,29,19,65.52,1.18,4.07,2.93,6.215,6.215
Over 2.5,Liga,Premier League,5,3,60.0,1.17,23.4,,,
Under 1.75,Mejor_Cuota,ALTO,7,4,57.14,1.16,16.57,1.995,2.1,1.995
Under 1.75,Cuota_Promedio_Mercado,ALTO,7,4,57.14,1.16,16.57,1.95975,2.08,1.95975
Over 3.5,Liga,Bundesliga 2,4,2,50.0,1.15,28.75,,,
Under 2.25,Liga,Bundesliga,5,3,60.0,1.14,22.8,,,
Under 1.5,BDI_jsd,BAJO,18,8,44.44,1.13,6.28,0.0,4.4e-05,4.4e-05
Under 1.5,BDI_std_p,BAJO,18,8,44.44,1.13,6.28,0.0,0.009194,0.009194
Under 1.5,BDI_mad_p,BAJO,18,8,44.44,1.13,6.28,0.0,0.008554,0.008554
Under 3.25,TOTAL_MERCADO,TOTAL,18,10,55.56,1.11,6.17,,,
Under 3.0,BDI_mad_p_fair,BAJO,26,14,53.85,1.08,4.15,0.000396,0.004085,0.004085
Under 2.25,Liga,MLS,3,2,66.67,1.08,36.0,,,
Over 2.5,Liga,Liga Profesional,9,4,44.44,1.07,11.89,,,
Under 1.75,BDI_mad_p_fair,BAJO,7,4,57.14,1.03,14.71,0.0,0.003409,0.003409
Over 2.5,Liga,Scottish Premiership,9,5,55.56,1.03,11.44,,,
Over 2.75,Liga,La Liga 2,3,2,66.67,0.98,32.67,,,
Under 1.75,BDI_mad_p,BAJO,7,4,57.14,0.96,13.71,0.0,0.005451,0.005451
Over 2.0,Mejor_Casa,betonlineag,7,4,57.14,0.96,13.71,,,
Under 3.75,TOTAL_MERCADO,TOTAL,1,1,100.0,0.95,95.0,,,
Over 2.25,Liga,La Liga,5,3,60.0,0.94,18.8,,,
Over 3.25,Mejor_Casa,lowvig,3,2,66.67,0.93,31.0,,,
Under 1.75,BDI_jsd_fair,ALTO,7,4,57.14,0.92,13.14,8e-06,2.3e-05,8e-06
Under 1.75,BDI_std_p_fair,ALTO,7,4,57.14,0.92,13.14,0.003882,0.006846,0.003882
Over 4.0,TOTAL_MERCADO,TOTAL,1,1,100.0,0.91,91.0,,,
Over 3.25,Liga,A-League,3,2,66.67,0.9,30.0,,,
Over 2.5,Mejor_Casa,playup,3,2,66.67,0.9,30.0,,,
Over 2.75,Liga,Ligue 1,3,2,66.67,0.89,29.67,,,
Under 3.0,Cuota_Promedio_Mercado,ALTO,25,13,52.0,0.87,3.48,1.88,2.135,1.88
Over 3.5,Mejor_Casa,betsson,6,3,50.0,0.87,14.5,,,
Over 3.25,Liga,Bundesliga,3,2,66.67,0.85,28.33,,,
Over 2.0,Liga,Liga Profesional,7,4,57.14,0.82,11.71,,,
Under 2.5,Liga,Brasileirão,6,4,66.67,0.82,13.67,,,
Under 3.5,Liga,Super League Switzerland,4,3,75.0,0.82,20.5,,,
Under 2.75,Liga,League Two,3,2,66.67,0.79,26.33,,,
Over 2.5,Mejor_Casa,betonlineag,5,3,60.0,0.78,15.6,,,
Over 2.5,Liga,Allsvenskan,3,2,66.67,0.77,25.67,,,
Over 1.5,Mejor_Casa,nordicbet,7,5,71.43,0.77,11.0,,,
Over 1.75,Mejor_Cuota,ALTO,7,4,57.14,0.76,10.86,1.865,2.02,1.865
Over 1.75,Cuota_Promedio_Mercado,ALTO,7,4,57.14,0.76,10.86,1.855,2.012,1.855
Over 1.5,BDI_jsd_fair,BAJO,18,12,66.67,0.75,4.17,0.0,1.9e-05,1.9e-05
Over 1.5,BDI_std_p_fair,BAJO,18,12,66.67,0.75,4.17,0.0,0.006189,0.006189
Under 3.25,BDI_jsd,ALTO,9,5,55.56,0.73,8.11,1.9e-05,0.000187,1.9e-05
Under 3.25,BDI_std_p,ALTO,9,5,55.56,0.73,8.11,0.006219,0.019353,0.006219
Under 3.25,Volatilidad_Pct,ALTO,9,5,55.56,0.73,8.11,0.02195,0.0763,0.02195
Under 3.0,Liga,3. Liga,3,2,66.67,0.73,24.33,,,
Over 2.75,Liga,Süper Lig,3,2,66.67,0.72,24.0,,,
Over 1.75,Mejor_Casa,betonlineag,5,3,60.0,0.71,14.2,,,
Under 1.5,BDI_n_bookmakers_fair,ALTO,9,4,44.44,0.7,7.78,5.0,8.0,5.0
Under 1.5,BDI_n_bookmakers,ALTO,9,4,44.44,0.7,7.78,5.0,8.0,5.0
Under 1.5,Num_Casas,ALTO,9,4,44.44,0.7,7.78,5.0,8.0,5.0
Over 2.75,Liga,Super League Switzerland,3,2,66.67,0.7,23.33,,,
Under 2.25,Liga,Brasileirão,5,3,60.0,0.69,13.8,,,
Over 3.25,Mejor_Cuota,BAJO,9,5,55.56,0.68,7.56,1.84,1.99,1.99
Over 3.25,Cuota_Promedio_Mercado,BAJO,9,5,55.56,0.68,7.56,1.812,1.9575,1.9575
Under 3.25,BDI_mad_p,ALTO,9,5,55.56,0.68,7.56,0.005884,0.016778,0.005884
Under 3.25,Diferencia_Cuota_Promedio,ALTO,9,5,55.56,0.68,7.56,0.02635,0.096,0.02635
Over 2.5,Liga,J1 League,19,8,42.11,0.65,3.42,,,
Under 2.5,Liga,Super League Greece,4,3,75.0,0.65,16.25,,,
Under 2.75,Liga,3. Liga,7,4,57.14,0.64,9.14,,,
Under 3.5,Liga,MLS,13,9,69.23,0.63,4.85,,,
Over 1.75,BDI_jsd_fair,BAJO,7,4,57.14,0.62,8.86,0.0,8e-06,8e-06
Over 1.75,BDI_std_p_fair,BAJO,7,4,57.14,0.62,8.86,0.0,0.003882,0.003882
Under 3.25,BDI_jsd_fair,ALTO,9,5,55.56,0.59,6.56,1.7e-05,0.000105,1.7e-05
Under 3.25,BDI_std_p_fair,ALTO,9,5,55.56,0.59,6.56,0.005854,0.014499,0.005854
Under 3.25,BDI_mad_p_fair,ALTO,9,5,55.56,0.59,6.56,0.005474,0.013627,0.005474
Over 1.5,BDI_mad_p_fair,BAJO,18,12,66.67,0.55,3.06,0.0,0.005086,0.005086
Over 2.5,Liga,Ligue 2,17,8,47.06,0.55,3.24,,,
Under 2.25,Liga,Liga Profesional,5,3,60.0,0.55,11.0,,,
Over 1.75,Margen_Casa_Pct,ALTO,7,4,57.14,0.54,7.71,4.64,6.96,4.64
Under 3.25,BDI_jsd_fair,BAJO,9,5,55.56,0.52,5.78,1e-06,1.7e-05,1.7e-05
Under 3.25,BDI_std_p_fair,BAJO,9,5,55.56,0.52,5.78,0.001416,0.005854,0.005854
Under 3.25,BDI_mad_p_fair,BAJO,9,5,55.56,0.52,5.78,0.001335,0.005474,0.005474
Under 2.5,Liga,Primera División Chile,7,4,57.14,0.5,7.14,,,
Over 1.75,BDI_mad_p_fair,ALTO,7,4,57.14,0.49,7.0,0.003409,0.005342,0.003409
Under 2.5,Mejor_Casa,lowvig,11,6,54.55,0.49,4.45,,,
Over 2.75,BDI_mad_p_fair,ALTO,44,23,52.27,0.48,1.09,0.00362,0.012908,0.00362
Under 2.5,Liga,La Liga 2,19,12,63.16,0.47,2.47,,,
Over 3.5,BDI_jsd_fair,ALTO,29,13,44.83,0.46,1.59,9e-06,0.000261,9e-06
Over 3.5,BDI_std_p_fair,ALTO,29,13,44.83,0.46,1.59,0.004059,0.022436,0.004059
Over 3.5,BDI_mad_p_fair,ALTO,29,13,44.83,0.46,1.59,0.003322,0.021608,0.003322
Over 3.5,BDI_jsd,ALTO,29,13,44.83,0.46,1.59,2e-05,0.000369,2e-05
Over 3.5,BDI_std_p,ALTO,29,13,44.83,0.46,1.59,0.006234,0.026766,0.006234
Over 3.5,BDI_mad_p,ALTO,29,13,44.83,0.46,1.59,0.004669,0.02318,0.004669
Over 3.5,Diferencia_Cuota_Promedio,ALTO,29,13,44.83,0.46,1.59,0.0306,0.1222,0.0306
Over 3.5,Volatilidad_Pct,ALTO,29,13,44.83,0.46,1.59,0.03335,0.1559,0.03335
Under 2.5,Mejor_Casa,onexbet,79,43,54.43,0.46,0.58,,,
Under 1.5,Mejor_Casa,nordicbet,7,3,42.86,0.45,6.43,,,
Under 3.25,BDI_mad_p,BAJO,9,5,55.56,0.43,4.78,0.0,0.005884,0.005884
Under 3.25,Diferencia_Cuota_Promedio,BAJO,9,5,55.56,0.43,4.78,0.0,0.02635,0.02635
Over 1.75,Diferencia_Cuota_Promedio,BAJO,7,4,57.14,0.4,5.71,0.0,0.009,0.009
Under 3.25,BDI_jsd,BAJO,9,5,55.56,0.38,4.22,0.0,1.9e-05,1.9e-05
Under 3.25,BDI_std_p,BAJO,9,5,55.56,0.38,4.22,0.0,0.006219,0.006219
Under 3.25,Volatilidad_Pct,BAJO,9,5,55.56,0.38,4.22,0.0,0.02195,0.02195
Under 2.5,Liga,League Two,35,20,57.14,0.38,1.09,,,
Under 3.5,Liga,Premier League,3,2,66.67,0.38,12.67,,,
Over 3.5,Mejor_Casa,matchbook,6,3,50.0,0.34,5.67,,,
Over 1.5,BDI_n_bookmakers_fair,BAJO,26,17,65.38,0.33,1.27,2.0,5.0,5.0
Over 1.5,BDI_n_bookmakers,BAJO,26,17,65.38,0.33,1.27,2.0,5.0,5.0
Over 1.5,Num_Casas,BAJO,26,17,65.38,0.33,1.27,2.0,5.0,5.0
Under 3.5,BDI_n_bookmakers_fair,ALTO,24,14,58.33,0.31,1.29,5.0,15.0,5.0
Under 3.5,BDI_n_bookmakers,ALTO,24,14,58.33,0.31,1.29,5.0,15.0,5.0
Under 3.5,Num_Casas,ALTO,24,14,58.33,0.31,1.29,5.0,15.0,5.0
Over 1.5,Cuota_Promedio_Mercado,BAJO,18,12,66.67,0.22,1.22,1.43,1.5375,1.5375
Under 2.5,Diferencia_Cuota_Promedio,ALTO,210,107,50.95,0.21,0.1,0.04765,0.1822,0.04765
Under 1.5,BDI_jsd_fair,ALTO,17,7,41.18,0.18,1.06,1.9e-05,0.000213,1.9e-05
Under 1.5,BDI_std_p_fair,ALTO,17,7,41.18,0.18,1.06,0.006189,0.020326,0.006189
Under 1.5,BDI_mad_p_fair,ALTO,17,7,41.18,0.18,1.06,0.005086,0.019785,0.005086
Over 3.5,Cuota_Promedio_Mercado,ALTO,29,11,37.93,0.17,0.59,2.348,3.1,2.348
Over 3.5,TOTAL_MERCADO,TOTAL,58,24,41.38,0.16,0.28,,,
Over 2.75,Mejor_Cuota,ALTO,36,18,50.0,0.15,0.42,1.96,2.06,1.96
Under 2.75,BDI_jsd_fair,ALTO,44,23,52.27,0.13,0.3,1.1e-05,0.000107,1.1e-05
Under 2.75,BDI_std_p_fair,ALTO,44,23,52.27,0.13,0.3,0.004725,0.014583,0.004725
Under 3.5,Diferencia_Cuota_Promedio,ALTO,29,17,58.62,0.13,0.45,0.026,0.1238,0.026
Under 3.5,Mejor_Casa,matchbook,5,3,60.0,0.12,2.4,,,
Over 2.5,Liga,Pro League,8,4,50.0,0.02,0.25,,,
Over 3.0,Liga,Bundesliga 2,6,3,50.0,0.0,0.0,,,
Over 3.5,Cuota_Promedio_Mercado,BAJO,29,13,44.83,-0.01,-0.03,1.8112,2.348,2.348
Over 2.25,Liga,Scottish Premiership,4,2,50.0,-0.04,-1.0,,,
Under 3.5,Liga,Bundesliga,5,3,60.0,-0.04,-0.8,,,
Over 2.75,Liga,Pro League,4,2,50.0,-0.05,-1.25,,,
Under 3.25,BDI_n_bookmakers_fair,ALTO,8,4,50.0,-0.07,-0.88,4.0,5.0,4.0
Under 3.25,BDI_n_bookmakers,ALTO,8,4,50.0,-0.07,-0.88,4.0,5.0,4.0
Under 3.25,Num_Casas,ALTO,8,4,50.0,-0.07,-0.88,4.0,5.0,4.0
Under 1.75,TOTAL_MERCADO,TOTAL,14,7,50.0,-0.1,-0.71,,,
Under 1.5,Mejor_Casa,unibet,5,2,40.0,-0.12,-2.4,,,
Under 1.5,Mejor_Casa,matchbook,7,3,42.86,-0.12,-1.71,,,
Under 2.25,Liga,Pro League,4,2,50.0,-0.13,-3.25,,,
Under 2.25,Liga,Scottish Premiership,4,2,50.0,-0.14,-3.5,,,
Over 3.25,Mejor_Casa,bovada,4,2,50.0,-0.14,-3.5,,,
Over 2.25,Liga,Pro League,4,2,50.0,-0.16,-4.0,,,
Over 3.25,BDI_n_bookmakers_fair,ALTO,8,4,50.0,-0.17,-2.13,4.0,5.0,4.0
Over 3.25,BDI_n_bookmakers,ALTO,8,4,50.0,-0.17,-2.13,4.0,5.0,4.0
Over 3.25,Num_Casas,ALTO,8,4,50.0,-0.17,-2.13,4.0,5.0,4.0
Under 2.25,Liga,Ekstraklasa,4,2,50.0,-0.19,-4.75,,,
Over 1.75,Volatilidad_Pct,ALTO,6,3,50.0,-0.22,-3.67,0.012,0.02,0.012
Over 2.5,Liga,Liga MX,11,6,54.55,-0.22,-2.0,,,
Under 2.5,Liga,Süper Lig,14,7,50.0,-0.23,-1.64,,,
Under 2.75,Liga,Pro League,4,2,50.0,-0.23,-5.75,,,
Over 3.0,Mejor_Casa,coolbet,10,5,50.0,-0.25,-2.5,,,
Over 2.5,Mejor_Casa,lowvig,10,5,50.0,-0.27,-2.7,,,
Over 2.25,Liga,Ekstraklasa,4,2,50.0,-0.29,-7.25,,,
Over 2.5,Liga,Ligue 1,9,5,55.56,-0.29,-3.22,,,
Over 3.5,BDI_jsd_fair,BAJO,29,11,37.93,-0.3,-1.03,0.0,9e-06,9e-06
Over 3.5,BDI_std_p_fair,BAJO,29,11,37.93,-0.3,-1.03,0.0,0.004059,0.004059
Over 3.5,BDI_mad_p_fair,BAJO,29,11,37.93,-0.3,-1.03,0.0,0.003322,0.003322
Over 3.5,BDI_jsd,BAJO,29,11,37.93,-0.3,-1.03,-0.0,2e-05,2e-05
Over 3.5,BDI_std_p,BAJO,29,11,37.93,-0.3,-1.03,0.0,0.006234,0.006234
Over 3.5,BDI_mad_p,BAJO,29,11,37.93,-0.3,-1.03,0.0,0.004669,0.004669
Over 3.5,Diferencia_Cuota_Promedio,BAJO,29,11,37.93,-0.3,-1.03,0.0,0.0306,0.0306
Over 3.5,Volatilidad_Pct,BAJO,29,11,37.93,-0.3,-1.03,0.0,0.03335,0.03335
Under 2.5,Liga,Pro League,8,4,50.0,-0.31,-3.88,,,
Over 2.25,Liga,Ligue 2,10,5,50.0,-0.4,-4.0,,,
Over 1.5,TOTAL_MERCADO,TOTAL,35,22,62.86,-0.42,-1.2,,,
Under 3.5,Mejor_Cuota,ALTO,28,16,57.14,-0.42,-1.5,1.6,2.05,1.6
Under 2.5,Liga,J1 League,19,11,57.89,-0.42,-2.21,,,
Under 2.5,Liga,Ligue 1,9,4,44.44,-0.43,-4.78,,,
Over 1.5,Liga,Liga Profesional,10,6,60.0,-0.46,-4.6,,,
Under 2.5,Liga,Premier League,5,2,40.0,-0.5,-10.0,,,
Under 1.5,Mejor_Casa,betrivers,8,3,37.5,-0.5,-6.25,,,
Under 2.25,Liga,Ligue 2,10,5,50.0,-0.55,-5.5,,,
Over 1.75,Volatilidad_Pct,BAJO,8,4,50.0,-0.6,-7.5,0.0,0.012,0.012
Over 3.5,Liga,Bundesliga,5,2,40.0,-0.63,-12.6,,,
Over 1.5,Cuota_Promedio_Mercado,ALTO,17,10,58.82,-0.64,-3.76,1.5375,1.7217,1.5375
Over 2.0,Liga,League Two,10,5,50.0,-0.67,-6.7,,,
Over 3.5,Liga,Premier League,3,1,33.33,-0.68,-22.67,,,
Over 1.5,BDI_n_bookmakers_fair,ALTO,9,5,55.56,-0.75,-8.33,5.0,8.0,5.0
Over 1.5,BDI_n_bookmakers,ALTO,9,5,55.56,-0.75,-8.33,5.0,8.0,5.0
Over 1.5,Num_Casas,ALTO,9,5,55.56,-0.75,-8.33,5.0,8.0,5.0
Under 1.5,Liga,Liga Profesional,10,4,40.0,-0.75,-7.5,,,
Over 2.5,BDI_mad_p_fair,BAJO,210,104,49.52,-0.76,-0.36,0.0,0.005222,0.005222
Under 2.0,Mejor_Casa,betus,3,1,33.33,-0.77,-25.67,,,
Over 2.0,Mejor_Casa,bovada,12,6,50.0,-0.8,-6.67,,,
Over 1.75,TOTAL_MERCADO,TOTAL,14,7,50.0,-0.82,-5.86,,,
Under 2.5,Mejor_Casa,betsson,24,12,50.0,-0.9,-3.75,,,
Under 3.5,Liga,Bundesliga 2,4,2,50.0,-0.92,-23.0,,,
Over 2.25,Liga,Liga Profesional,5,2,40.0,-0.93,-18.6,,,
Over 2.0,Liga,Championship,3,1,33.33,-0.95,-31.67,,,
Under 3.0,Liga,Ligue 1,3,1,33.33,-0.96,-32.0,,,
Over 1.5,BDI_mad_p_fair,ALTO,17,10,58.82,-0.97,-5.71,0.005086,0.019785,0.005086
Over 3.25,Margen_Casa_Pct,BAJO,9,4,44.44,-0.99,-11.0,3.32,4.515,4.515
Over 3.75,TOTAL_MERCADO,TOTAL,1,0,0.0,-1.0,-100.0,,,
Under 4.0,TOTAL_MERCADO,TOTAL,1,0,0.0,-1.0,-100.0,,,
Under 4.5,TOTAL_MERCADO,TOTAL,1,0,0.0,-1.0,-100.0,,,
Under 3.0,Mejor_Casa,betus,5,2,40.0,-1.0,-20.0,,,
Over 3.25,BDI_jsd_fair,ALTO,9,4,44.44,-1.01,-11.22,1.7e-05,0.000105,1.7e-05
Over 3.25,BDI_std_p_fair,ALTO,9,4,44.44,-1.01,-11.22,0.005854,0.014499,0.005854
Over 3.25,BDI_mad_p_fair,ALTO,9,4,44.44,-1.01,-11.22,0.005474,0.013627,0.005474
Over 3.25,BDI_jsd,ALTO,9,4,44.44,-1.01,-11.22,3.9e-05,0.000157,3.9e-05
Over 3.25,BDI_std_p,ALTO,9,4,44.44,-1.01,-11.22,0.008767,0.017682,0.008767
Over 3.25,BDI_mad_p,ALTO,9,4,44.44,-1.01,-11.22,0.00802,0.016349,0.00802
Over 3.25,Diferencia_Cuota_Promedio,ALTO,9,4,44.44,-1.01,-11.22,0.04,0.07,0.04
Over 3.25,Volatilidad_Pct,ALTO,9,4,44.44,-1.01,-11.22,0.03065,0.0668,0.03065
Under 2.25,Liga,La Liga,5,2,40.0,-1.01,-20.2,,,
Under 1.75,BDI_jsd_fair,BAJO,7,3,42.86,-1.02,-14.57,0.0,8e-06,8e-06
Under 1.75,BDI_std_p_fair,BAJO,7,3,42.86,-1.02,-14.57,0.0,0.003882,0.003882
Over 2.75,Liga,League Two,3,1,33.33,-1.02,-34.0,,,
Over 2.75,Liga,3. Liga,7,3,42.86,-1.03,-14.71,,,
Under 2.5,Liga,Liga Profesional,9,5,55.56,-1.03,-11.44,,,
Over 2.5,Mejor_Casa,betrivers,18,8,44.44,-1.04,-5.78,,,
Over 1.5,Liga,J1 League,6,3,50.0,-1.05,-17.5,,,
Under 2.5,Liga,Allsvenskan,3,1,33.33,-1.05,-35.0,,,
Under 3.25,Liga,A-League,3,1,33.33,-1.05,-35.0,,,
Under 1.75,BDI_mad_p,ALTO,7,3,42.86,-1.06,-15.14,0.005451,0.008878,0.005451
Under 2.5,Margen_Casa_Pct,BAJO,210,109,51.9,-1.06,-0.5,2.78,6.795,6.795
Under 3.25,Cuota_Promedio_Mercado,ALTO,9,4,44.44,-1.07,-11.89,1.873,1.996,1.873
Over 2.0,Liga,Ligue 2,3,1,33.33,-1.07,-35.67,,,
Over 2.25,Liga,Brasileirão,5,2,40.0,-1.08,-21.6,,,
Under 2.75,Liga,Ligue 1,3,1,33.33,-1.08,-36.0,,,
Under 3.0,Mejor_Casa,coolbet,3,1,33.33,-1.08,-36.0,,,
Over 3.0,Liga,Ligue 1,3,1,33.33,-1.09,-36.33,,,
Under 2.0,Liga,Championship,3,1,33.33,-1.09,-36.33,,,
Under 2.5,Liga,Ligue 2,17,9,52.94,-1.1,-6.47,,,
Under 1.75,BDI_mad_p_fair,ALTO,7,3,42.86,-1.13,-16.14,0.003409,0.005342,0.003409
Over 2.25,Liga,MLS,3,1,33.33,-1.13,-37.67,,,
Under 2.75,Liga,Süper Lig,3,1,33.33,-1.13,-37.67,,,
Over 2.5,Liga,Primera División Chile,7,3,42.86,-1.14,-16.29,,,
Over 3.0,Liga,3. Liga,3,1,33.33,-1.14,-38.0,,,
Under 2.75,Liga,Super League Switzerland,3,1,33.33,-1.14,-38.0,,,
Under 2.5,Mejor_Casa,betonlineag,7,3,42.86,-1.14,-16.29,,,
Under 3.25,Liga,Bundesliga,3,1,33.33,-1.15,-38.33,,,
Under 2.75,Liga,La Liga 2,3,1,33.33,-1.16,-38.67,,,
Over 1.5,BDI_jsd_fair,ALTO,17,10,58.82,-1.17,-6.88,1.9e-05,0.000213,1.9e-05
Over 1.5,BDI_std_p_fair,ALTO,17,10,58.82,-1.17,-6.88,0.006189,0.020326,0.006189
Over 3.0,Liga,Süper Lig,3,1,33.33,-1.17,-39.0,,,
Under 3.5,Liga,Scottish Premiership,3,1,33.33,-1.17,-39.0,,,
Over 2.25,Mejor_Casa,betus,3,1,33.33,-1.18,-39.33,,,
Under 3.0,Mejor_Casa,lowvig,3,1,33.33,-1.21,-40.33,,,
Over 1.75,Diferencia_Cuota_Promedio,ALTO,7,3,42.86,-1.22,-17.43,0.009,0.04,0.009
Over 3.25,BDI_jsd_fair,BAJO,9,4,44.44,-1.22,-13.56,1e-06,1.7e-05,1.7e-05
Over 3.25,BDI_std_p_fair,BAJO,9,4,44.44,-1.22,-13.56,0.001416,0.005854,0.005854
Over 3.25,BDI_mad_p_fair,BAJO,9,4,44.44,-1.22,-13.56,0.001335,0.005474,0.005474
Over 3.25,BDI_jsd,BAJO,9,4,44.44,-1.22,-13.56,1e-06,3.9e-05,3.9e-05
Over 3.25,BDI_std_p,BAJO,9,4,44.44,-1.22,-13.56,0.001169,0.008767,0.008767
Over 3.25,BDI_mad_p,BAJO,9,4,44.44,-1.22,-13.56,0.001012,0.00802,0.00802
Over 3.25,Diferencia_Cuota_Promedio,BAJO,9,4,44.44,-1.22,-13.56,0.0025,0.04,0.04
Over 3.25,Volatilidad_Pct,BAJO,9,4,44.44,-1.22,-13.56,0.0043,0.03065,0.03065
Under 3.5,Mejor_Casa,unibet_eu,4,2,50.0,-1.22,-30.5,,,
Over 3.25,Margen_Casa_Pct,ALTO,9,4,44.44,-1.24,-13.78,4.515,6.38,4.515
Over 2.25,Liga,Bundesliga,5,2,40.0,-1.25,-25.0,,,
Under 1.75,Mejor_Cuota,BAJO,7,3,42.86,-1.26,-18.0,1.87,1.995,1.995
Under 1.75,Cuota_Promedio_Mercado,BAJO,7,3,42.86,-1.26,-18.0,1.836,1.95975,1.95975
Over 2.0,Mejor_Casa,betus,3,1,33.33,-1.26,-42.0,,,
Under 3.0,Mejor_Casa,bovada,9,4,44.44,-1.26,-14.0,,,
Under 3.25,Margen_Casa_Pct,BAJO,9,4,44.44,-1.27,-14.11,2.83,4.63,4.63
Over 1.75,BDI_mad_p_fair,BAJO,7,3,42.86,-1.31,-18.71,0.0,0.003409,0.003409
Under 1.5,Volatilidad_Pct,BAJO,18,7,38.89,-1.33,-7.39,0.0,0.0511,0.0511
Over 3.5,Liga,Super League Switzerland,4,1,25.0,-1.35,-33.75,,,
Over 1.75,Margen_Casa_Pct,BAJO,7,3,42.86,-1.36,-19.43,3.48,4.64,4.64
Over 2.5,Liga,Süper Lig,14,7,50.0,-1.38,-9.86,,,
Under 3.0,Diferencia_Cuota_Promedio,ALTO,25,12,48.0,-1.39,-5.56,0.025,0.0886,0.025
Under 3.5,Cuota_Promedio_Mercado,ALTO,29,16,55.17,-1.42,-4.9,1.57315,1.9562,1.57315
Over 1.75,BDI_jsd_fair,ALTO,7,3,42.86,-1.44,-20.57,8e-06,2.3e-05,8e-06
Over 1.75,BDI_std_p_fair,ALTO,7,3,42.86,-1.44,-20.57,0.003882,0.006846,0.003882
Over 2.5,Diferencia_Cuota_Promedio,ALTO,210,97,46.19,-1.47,-0.7,0.05815,0.207,0.05815
Over 2.5,BDI_jsd_fair,BAJO,210,104,49.52,-1.49,-0.71,0.0,2e-05,2e-05
Under 2.5,Liga,Liga MX,11,5,45.45,-1.49,-13.55,,,
Under 2.0,Liga,La Liga 2,9,4,44.44,-1.51,-16.78,,,
Under 3.5,BDI_jsd,ALTO,29,16,55.17,-1.52,-5.24,2.1e-05,0.000538,2.1e-05
Under 3.5,BDI_std_p,ALTO,29,16,55.17,-1.52,-5.24,0.006306,0.031604,0.006306
Under 3.5,Volatilidad_Pct,ALTO,29,16,55.17,-1.52,-5.24,0.0177,0.0791,0.0177
Over 2.5,Liga,Brasileirão,6,2,33.33,-1.53,-25.5,,,
Over 1.75,Mejor_Cuota,BAJO,7,3,42.86,-1.58,-22.57,1.78,1.865,1.865
Over 1.75,Cuota_Promedio_Mercado,BAJO,7,3,42.86,-1.58,-22.57,1.775,1.855,1.855
Over 1.5,Mejor_Casa,onexbet,11,6,54.55,-1.58,-14.36,,,
Under 2.5,Liga,Scottish Premiership,9,4,44.44,-1.59,-17.67,,,
Under 3.5,BDI_jsd_fair,ALTO,29,16,55.17,-1.61,-5.55,9e-06,0.000261,9e-06
Under 3.5,BDI_std_p_fair,ALTO,29,16,55.17,-1.61,-5.55,0.004059,0.022436,0.004059
Under 3.5,BDI_mad_p_fair,ALTO,29,16,55.17,-1.61,-5.55,0.003322,0.021608,0.003322
Under 2.5,BDI_jsd,ALTO,210,110,52.38,-1.66,-0.79,4.9e-05,0.000436,4.9e-05
Over 2.5,Liga,Super League Greece,4,1,25.0,-1.69,-42.25,,,
Under 3.25,Mejor_Casa,pinnacle,13,6,46.15,-1.69,-13.0,,,
Over 3.5,Liga,MLS,13,4,30.77,-1.7,-13.08,,,
Under 3.5,BDI_mad_p,ALTO,29,16,55.17,-1.73,-5.97,0.005217,0.030196,0.005217
Under 3.5,BDI_mad_p,BAJO,29,18,62.07,-1.79,-6.17,0.0,0.005217,0.005217
Over 1.5,Margen_Casa_Pct,BAJO,18,10,55.56,-1.82,-10.11,3.48,6.1,6.1
Over 3.5,BDI_n_bookmakers_fair,ALTO,24,10,41.67,-1.86,-7.75,5.0,15.0,5.0
Over 3.5,BDI_n_bookmakers,ALTO,24,10,41.67,-1.86,-7.75,5.0,15.0,5.0
Over 3.5,Num_Casas,ALTO,24,10,41.67,-1.86,-7.75,5.0,15.0,5.0
Over 3.5,Mejor_Casa,unibet,21,7,33.33,-1.9,-9.05,,,
Under 3.5,BDI_jsd_fair,BAJO,29,18,62.07,-1.91,-6.59,0.0,9e-06,9e-06
Under 3.5,BDI_std_p_fair,BAJO,29,18,62.07,-1.91,-6.59,0.0,0.004059,0.004059
Under 3.5,BDI_mad_p_fair,BAJO,29,18,62.07,-1.91,-6.59,0.0,0.003322,0.003322
Over 3.0,Liga,Super League Switzerland,4,1,25.0,-1.92,-48.0,,,
Under 2.75,Liga,Ekstraklasa,6,2,33.33,-1.94,-32.33,,,
Under 2.0,Mejor_Casa,coolbet,8,3,37.5,-1.94,-24.25,,,
Under 3.5,BDI_jsd,BAJO,29,18,62.07,-2.0,-6.9,-0.0,2.1e-05,2.1e-05
Under 3.5,BDI_std_p,BAJO,29,18,62.07,-2.0,-6.9,0.0,0.006306,0.006306
Under 3.5,Volatilidad_Pct,BAJO,29,18,62.07,-2.0,-6.9,0.0,0.0177,0.0177
Under 2.5,Liga,La Liga,9,4,44.44,-2.0,-22.22,,,
Under 2.75,Liga,Liga Portugal,4,1,25.0,-2.02,-50.5,,,
Over 3.25,Mejor_Casa,pinnacle,10,4,40.0,-2.02,-20.2,,,
Over 3.0,BDI_n_bookmakers_fair,ALTO,6,2,33.33,-2.04,-34.0,6.0,7.0,6.0
Over 3.0,BDI_n_bookmakers,ALTO,6,2,33.33,-2.04,-34.0,6.0,7.0,6.0
Over 3.0,Num_Casas,ALTO,6,2,33.33,-2.04,-34.0,6.0,7.0,6.0
Over 3.25,BDI_n_bookmakers_fair,BAJO,10,4,40.0,-2.06,-20.6,2.0,4.0,4.0
Over 3.25,BDI_n_bookmakers,BAJO,10,4,40.0,-2.06,-20.6,2.0,4.0,4.0
Over 3.25,Num_Casas,BAJO,10,4,40.0,-2.06,-20.6,2.0,4.0,4.0
Over 1.75,Liga,Liga Profesional,6,2,33.33,-2.07,-34.5,,,
Under 3.5,Cuota_Promedio_Mercado,BAJO,29,18,62.07,-2.1,-7.24,1.36,1.57315,1.57315
Under 2.25,Liga,J1 League,6,2,33.33,-2.13,-35.5,,,
Under 1.5,Volatilidad_Pct,ALTO,17,6,35.29,-2.16,-12.71,0.0511,0.11,0.0511
Under 2.5,Liga,Superliga Denmark,4,1,25.0,-2.17,-54.25,,,
Under 3.0,Liga,Bundesliga 2,6,2,33.33,-2.21,-36.83,,,
Over 3.25,TOTAL_MERCADO,TOTAL,18,8,44.44,-2.23,-12.39,,,
Under 3.0,Liga,MLS,8,3,37.5,-2.23,-27.88,,,
Under 2.5,Mejor_Casa,matchbook,72,37,51.39,-2.23,-3.1,,,
Over 2.5,Mejor_Casa,matchbook,80,37,46.25,-2.25,-2.81,,,
Over 2.5,Liga,League Two,35,15,42.86,-2.31,-6.6,,,
Over 2.25,Liga,League Two,16,7,43.75,-2.32,-14.5,,,
Over 1.5,Diferencia_Cuota_Promedio,ALTO,17,9,52.94,-2.34,-13.76,0.0325,0.08,0.0325
Under 2.75,Liga,League One,8,3,37.5,-2.41,-30.12,,,
Over 1.5,Liga,La Liga 2,7,3,42.86,-2.42,-34.57,,,
Over 3.5,Liga,Liga MX,5,1,20.0,-2.5,-50.0,,,
Over 3.5,Mejor_Casa,nordicbet,7,2,28.57,-2.51,-35.86,,,
Over 1.5,Mejor_Casa,matchbook,9,4,44.44,-2.52,-28.0,,,
Over 2.75,Liga,MLS,16,7,43.75,-2.57,-16.06,,,
Under 2.5,Liga,Liga Portugal,8,3,37.5,-2.58,-32.25,,,
Over 2.5,Liga,Super League Switzerland,6,2,33.33,-2.69,-44.83,,,
Under 2.75,Mejor_Casa,bovada,22,10,45.45,-2.74,-12.45,,,
Over 2.0,Margen_Casa_Pct,ALTO,29,14,48.28,-2.87,-9.9,4.76,7.03,4.76
Over 3.0,Cuota_Promedio_Mercado,ALTO,25,11,44.0,-2.9,-11.6,1.9317,2.065,1.9317
Over 3.25,Mejor_Cuota,ALTO,9,3,33.33,-2.91,-32.33,1.99,2.06,1.99
Over 3.25,Cuota_Promedio_Mercado,ALTO,9,3,33.33,-2.91,-32.33,1.9575,2.0367,1.9575
Under 1.75,BDI_jsd,ALTO,7,2,28.57,-2.93,-41.86,1.9e-05,7.2e-05,1.9e-05
Under 1.75,BDI_std_p,ALTO,7,2,28.57,-2.93,-41.86,0.006198,0.012011,0.006198
Under 1.75,Diferencia_Cuota_Promedio,ALTO,7,2,28.57,-2.93,-41.86,0.0345,0.0525,0.0345
Under 1.75,Volatilidad_Pct,ALTO,7,2,28.57,-2.93,-41.86,0.02195,0.0458,0.02195
Over 2.25,Liga,La Liga 2,5,1,20.0,-2.95,-59.0,,,
Under 2.0,Liga,Liga Profesional,7,2,28.57,-2.95,-42.14,,,
Under 3.25,Mejor_Cuota,ALTO,9,3,33.33,-2.97,-33.0,1.905,2.08,1.905
Under 2.5,BDI_mad_p,BAJO,210,114,54.29,-3.0,-1.43,0.0,0.007997,0.007997
Over 2.25,Liga,Austrian Bundesliga,3,0,0.0,-3.0,-100.0,,,
Over 3.5,Liga,Eredivisie,3,0,0.0,-3.0,-100.0,,,
Under 1.75,Liga,J1 League,3,0,0.0,-3.0,-100.0,,,
Under 2.0,Liga,Ligue 2,3,0,0.0,-3.0,-100.0,,,
Under 2.5,Liga,Eliteserien,3,0,0.0,-3.0,-100.0,,,
Under 2.75,Liga,A-League,3,0,0.0,-3.0,-100.0,,,
Under 3.0,Liga,Süper Lig,3,0,0.0,-3.0,-100.0,,,
Under 3.5,Liga,Süper Lig,3,0,0.0,-3.0,-100.0,,,
Under 1.5,Mejor_Casa,onexbet,3,0,0.0,-3.0,-100.0,,,
Under 2.0,Mejor_Casa,lowvig,3,0,0.0,-3.0,-100.0,,,
Over 2.5,Liga,Austrian Bundesliga,5,1,20.0,-3.06,-61.2,,,
Under 2.75,Liga,Bundesliga 2,5,1,20.0,-3.07,-61.4,,,
Under 1.75,Margen_Casa_Pct,BAJO,7,2,28.57,-3.08,-44.0,3.48,4.225,4.225
Under 3.5,Mejor_Cuota,BAJO,30,18,60.0,-3.1,-10.33,1.36,1.6,1.6
Under 2.25,Liga,Serie B,7,2,28.57,-3.15,-45.0,,,
Under 2.5,BDI_std_p,ALTO,210,109,51.9,-3.16,-1.5,0.00978,0.028617,0.00978
Over 1.75,BDI_jsd,ALTO,7,2,28.57,-3.18,-45.43,6e-06,1.3e-05,6e-06
Over 1.75,BDI_std_p,ALTO,7,2,28.57,-3.18,-45.43,0.003382,0.005128,0.003382
Over 1.75,BDI_mad_p,ALTO,7,2,28.57,-3.18,-45.43,0.002734,0.004326,0.002734
Under 1.75,Mejor_Casa,pinnacle,11,4,36.36,-3.18,-28.91,,,
Over 2.75,BDI_jsd_fair,ALTO,44,21,47.73,-3.22,-7.32,1.1e-05,0.000107,1.1e-05
Over 2.75,BDI_std_p_fair,ALTO,44,21,47.73,-3.22,-7.32,0.004725,0.014583,0.004725
Over 3.0,BDI_mad_p_fair,ALTO,25,11,44.0,-3.22,-12.88,0.004085,0.015431,0.004085
Under 3.5,Liga,A-League,5,1,20.0,-3.26,-65.2,,,
Over 2.5,BDI_jsd,BAJO,210,102,48.57,-3.29,-1.57,-0.0,5.4e-05,5.4e-05
Over 2.5,Liga,Bundesliga,11,4,36.36,-3.29,-29.91,,,
Over 2.0,Liga,La Liga 2,9,3,33.33,-3.33,-37.0,,,
Over 1.5,Mejor_Cuota,ALTO,15,7,46.67,-3.37,-22.47,1.58,1.79,1.58
Over 2.0,Mejor_Cuota,ALTO,29,13,44.83,-3.42,-11.79,1.88,2.15,1.88
Over 2.0,Cuota_Promedio_Mercado,ALTO,29,13,44.83,-3.42,-11.79,1.87,2.0775,1.87
Under 3.0,Volatilidad_Pct,ALTO,25,11,44.0,-3.48,-13.92,0.02,0.0813,0.02
Under 1.5,TOTAL_MERCADO,TOTAL,35,13,37.14,-3.49,-9.97,,,
Under 3.5,TOTAL_MERCADO,TOTAL,58,34,58.62,-3.52,-6.07,,,
Over 2.5,Liga,La Liga 2,19,7,36.84,-3.56,-18.74,,,
Under 2.75,BDI_mad_p_fair,ALTO,44,21,47.73,-3.62,-8.23,0.00362,0.012908,0.00362
Under 3.5,Mejor_Casa,unibet,17,9,52.94,-3.64,-21.41,,,
Under 3.5,Diferencia_Cuota_Promedio,BAJO,29,17,58.62,-3.65,-12.59,0.0,0.026,0.026
Under 1.5,BDI_jsd_fair,BAJO,18,6,33.33,-3.67,-20.39,0.0,1.9e-05,1.9e-05
Under 1.5,BDI_std_p_fair,BAJO,18,6,33.33,-3.67,-20.39,0.0,0.006189,0.006189
Under 1.5,BDI_mad_p_fair,BAJO,18,6,33.33,-3.67,-20.39,0.0,0.005086,0.005086
Over 3.5,Mejor_Casa,betrivers,6,1,16.67,-3.67,-61.17,,,
Over 2.25,Mejor_Casa,bovada,19,8,42.11,-3.68,-19.37,,,
Over 2.0,BDI_jsd_fair,BAJO,30,14,46.67,-3.77,-12.57,0.0,1.2e-05,1.2e-05
Over 2.0,BDI_std_p_fair,BAJO,30,14,46.67,-3.77,-12.57,0.000552,0.004821,0.004821
Over 3.0,Mejor_Cuota,ALTO,22,9,40.91,-3.81,-17.32,1.98,2.08,1.98
Over 2.5,Liga,Championship,23,9,39.13,-3.82,-16.61,,,
Under 3.5,BDI_n_bookmakers_fair,BAJO,34,20,58.82,-3.83,-11.26,2.0,5.0,5.0
Under 3.5,BDI_n_bookmakers,BAJO,34,20,58.82,-3.83,-11.26,2.0,5.0,5.0
Under 3.5,Num_Casas,BAJO,34,20,58.82,-3.83,-11.26,2.0,5.0,5.0
Over 2.5,Mejor_Casa,unibet,18,6,33.33,-3.85,-21.39,,,
Over 2.5,Liga,Serie A,13,4,30.77,-3.96,-30.46,,,
Over 3.0,Liga,Liga MX,6,1,16.67,-3.99,-66.5,,,
Under 2.5,Liga,A-League,6,1,16.67,-3.99,-66.5,,,
Over 2.25,Liga,Eredivisie,4,0,0.0,-4.0,-100.0,,,
Over 2.25,Liga,Liga MX,4,0,0.0,-4.0,-100.0,,,
Under 1.5,Liga,League Two,4,0,0.0,-4.0,-100.0,,,
Under 2.0,Liga,La Liga,4,0,0.0,-4.0,-100.0,,,
Under 3.0,Liga,A-League,4,0,0.0,-4.0,-100.0,,,
Over 1.75,Mejor_Casa,pinnacle,6,1,16.67,-4.0,-66.67,,,
Over 3.0,Mejor_Casa,lowvig,4,0,0.0,-4.0,-100.0,,,
Over 2.75,Liga,Eredivisie,8,2,25.0,-4.01,-50.12,,,
Under 2.5,Liga,Ekstraklasa,14,5,35.71,-4.01,-28.64,,,
Over 2.0,BDI_mad_p,BAJO,30,14,46.67,-4.02,-13.4,0.0,0.004656,0.004656
Over 3.0,Liga,Bundesliga,6,1,16.67,-4.02,-67.0,,,
Over 2.0,BDI_jsd,BAJO,30,14,46.67,-4.03,-13.43,0.0,1.6e-05,1.6e-05
Over 2.0,BDI_std_p,BAJO,30,14,46.67,-4.03,-13.43,0.0,0.005702,0.005702
Over 2.0,Volatilidad_Pct,BAJO,30,14,46.67,-4.03,-13.43,0.0,0.0205,0.0205
Over 3.0,Liga,MLS,8,2,25.0,-4.04,-50.5,,,
Over 1.5,Volatilidad_Pct,ALTO,17,8,47.06,-4.05,-23.82,0.0264,0.064,0.0264
Under 3.0,Liga,Liga MX,6,1,16.67,-4.14,-69.0,,,
Over 1.5,BDI_mad_p,ALTO,17,8,47.06,-4.17,-24.53,0.009524,0.023956,0.009524
Under 1.5,BDI_n_bookmakers_fair,BAJO,26,9,34.62,-4.19,-16.12,2.0,5.0,5.0
Under 1.5,BDI_n_bookmakers,BAJO,26,9,34.62,-4.19,-16.12,2.0,5.0,5.0
Under 1.5,Num_Casas,BAJO,26,9,34.62,-4.19,-16.12,2.0,5.0,5.0
Under 2.5,Mejor_Casa,tipico_de,18,7,38.89,-4.3,-23.89,,,
Over 2.25,Liga,K League 1,10,3,30.0,-4.31,-43.1,,,
Over 2.25,Mejor_Casa,betonlineag,18,7,38.89,-4.37,-24.28,,,
Over 3.0,BDI_jsd,BAJO,26,11,42.31,-4.46,-17.15,0.0,2e-05,2e-05
Over 3.0,BDI_std_p,BAJO,26,11,42.31,-4.46,-17.15,0.0,0.006264,0.006264
Over 2.5,Liga,K League 1,13,4,30.77,-4.51,-34.69,,,
Over 3.0,Volatilidad_Pct,BAJO,26,11,42.31,-4.59,-17.65,0.0,0.0219,0.0219
Over 3.5,Margen_Casa_Pct,BAJO,29,10,34.48,-4.59,-15.83,3.48,6.335,6.335
Over 2.0,BDI_n_bookmakers_fair,ALTO,28,12,42.86,-4.61,-16.46,5.0,7.0,5.0
Over 2.0,BDI_n_bookmakers,ALTO,28,12,42.86,-4.61,-16.46,5.0,7.0,5.0
Over 2.0,Num_Casas,ALTO,28,12,42.86,-4.61,-16.46,5.0,7.0,5.0
Under 1.5,BDI_jsd,ALTO,17,5,29.41,-4.62,-27.18,4.4e-05,0.000194,4.4e-05
Under 1.5,BDI_std_p,ALTO,17,5,29.41,-4.62,-27.18,0.009194,0.019541,0.009194
Under 1.5,BDI_mad_p,ALTO,17,5,29.41,-4.62,-27.18,0.008554,0.01886,0.008554
Over 3.0,Diferencia_Cuota_Promedio,BAJO,28,12,42.86,-4.63,-16.54,0.0,0.03,0.03
Under 3.5,Margen_Casa_Pct,ALTO,29,15,51.72,-4.7,-16.21,6.215,11.76,6.215
Under 2.75,Cuota_Promedio_Mercado,BAJO,44,21,47.73,-4.73,-10.75,1.81,1.89365,1.89365
Under 1.5,Margen_Casa_Pct,ALTO,17,5,29.41,-4.79,-28.18,6.61,8.82,6.61
Under 3.0,BDI_jsd_fair,BAJO,26,11,42.31,-4.86,-18.69,0.0,1.1e-05,1.1e-05
Under 3.0,BDI_std_p_fair,BAJO,26,11,42.31,-4.86,-18.69,0.000496,0.004745,0.004745
Over 2.5,Liga,MLS,37,18,48.65,-4.89,-13.22,,,
Under 2.0,Liga,Serie B,7,1,14.29,-4.9,-70.0,,,
Over 2.5,Liga,3. Liga,14,5,35.71,-4.96,-35.43,,,
Over 2.0,Liga,J1 League,5,0,0.0,-5.0,-100.0,,,
Over 2.0,Mejor_Casa,lowvig,5,0,0.0,-5.0,-100.0,,,
Under 2.75,BDI_jsd,ALTO,44,20,45.45,-5.09,-11.57,1.2e-05,0.000122,1.2e-05
Under 2.75,BDI_std_p,ALTO,44,20,45.45,-5.09,-11.57,0.004871,0.015595,0.004871
Under 2.75,Volatilidad_Pct,ALTO,44,20,45.45,-5.09,-11.57,0.01735,0.0595,0.01735
Over 2.25,Mejor_Casa,lowvig,21,8,38.1,-5.09,-24.24,,,
Over 2.25,Liga,Serie A,9,2,22.22,-5.11,-56.78,,,
Under 2.75,BDI_mad_p,ALTO,44,20,45.45,-5.13,-11.66,0.004118,0.012832,0.004118
Over 2.25,Liga,Championship,11,3,27.27,-5.14,-46.73,,,
Under 2.75,Diferencia_Cuota_Promedio,ALTO,44,20,45.45,-5.16,-11.73,0.01915,0.0667,0.01915
Over 2.0,Diferencia_Cuota_Promedio,BAJO,33,15,45.45,-5.23,-15.85,0.0,0.025,0.025
Under 3.0,Margen_Casa_Pct,BAJO,27,11,40.74,-5.25,-19.44,3.9,4.99,4.99
Under 3.5,Mejor_Casa,onexbet,17,7,41.18,-5.25,-30.88,,,
Over 3.0,Margen_Casa_Pct,ALTO,25,10,40.0,-5.38,-21.52,4.75,7.06,4.75
Under 2.5,Liga,Bundesliga 2,18,6,33.33,-5.41,-30.06,,,
Under 3.0,BDI_jsd,ALTO,25,10,40.0,-5.42,-21.68,1.7e-05,0.000204,1.7e-05
Under 3.0,BDI_std_p,ALTO,25,10,40.0,-5.42,-21.68,0.005883,0.020191,0.005883
Over 3.5,Mejor_Cuota,BAJO,32,12,37.5,-5.44,-17.0,1.86,2.4,2.4
Over 2.0,BDI_mad_p_fair,BAJO,30,13,43.33,-5.47,-18.23,0.000552,0.003844,0.003844
Under 2.75,Mejor_Cuota,ALTO,43,19,44.19,-5.5,-12.79,1.91,2.32,1.91
Over 2.5,BDI_std_p,BAJO,210,101,48.1,-5.67,-2.7,0.0,0.010251,0.010251
Over 2.5,BDI_mad_p,BAJO,210,101,48.1,-5.68,-2.7,0.0,0.008295,0.008295
Over 1.5,BDI_std_p,ALTO,17,7,41.18,-5.69,-33.47,0.010607,0.024553,0.010607
Over 2.5,Mejor_Casa,tipico_de,10,2,20.0,-5.75,-57.5,,,
Over 1.5,BDI_jsd,ALTO,17,7,41.18,-5.82,-34.24,6.3e-05,0.00032,6.3e-05
Under 2.0,Liga,League Two,10,2,20.0,-5.86,-58.6,,,
Over 2.5,Liga,League One,29,12,41.38,-5.97,-20.59,,,
Under 2.5,BDI_std_p,BAJO,210,112,53.33,-5.98,-2.85,0.0,0.00978,0.00978
Under 2.75,Mejor_Casa,betonlineag,6,0,0.0,-6.0,-100.0,,,
Over 3.0,Mejor_Casa,bovada,10,2,20.0,-6.12,-61.2,,,
Under 2.5,BDI_mad_p,ALTO,210,107,50.95,-6.14,-2.92,0.007997,0.025524,0.007997
Over 2.0,BDI_mad_p_fair,ALTO,29,12,41.38,-6.19,-21.34,0.003844,0.019096,0.003844
Over 2.75,Diferencia_Cuota_Promedio,ALTO,44,19,43.18,-6.33,-14.39,0.0229,0.074,0.0229
Over 2.75,BDI_jsd,ALTO,44,19,43.18,-6.37,-14.48,1.5e-05,0.000175,1.5e-05
Over 2.75,BDI_std_p,ALTO,44,19,43.18,-6.37,-14.48,0.00539,0.018719,0.00539
Over 3.0,BDI_mad_p,BAJO,26,10,38.46,-6.37,-24.5,0.0,0.005031,0.005031
Over 2.5,Liga,Eredivisie,14,4,28.57,-6.4,-45.71,,,
Over 2.0,Diferencia_Cuota_Promedio,ALTO,26,10,38.46,-6.43,-24.73,0.025,0.1267,0.025
Under 3.0,BDI_mad_p,BAJO,26,10,38.46,-6.46,-24.85,0.0,0.004968,0.004968
Over 2.75,BDI_mad_p,ALTO,44,19,43.18,-6.53,-14.84,0.004661,0.016477,0.004661
Over 2.75,Mejor_Casa,lowvig,18,6,33.33,-6.55,-36.39,,,
Over 2.75,BDI_n_bookmakers_fair,ALTO,24,9,37.5,-6.57,-27.38,5.0,7.0,5.0
Over 2.75,BDI_n_bookmakers,ALTO,24,9,37.5,-6.57,-27.38,5.0,7.0,5.0
Over 2.75,Num_Casas,ALTO,24,9,37.5,-6.57,-27.38,5.0,7.0,5.0
Under 1.5,Cuota_Promedio_Mercado,ALTO,17,4,23.53,-6.9,-40.59,2.4275,2.7,2.4275
Over 2.0,BDI_n_bookmakers_fair,BAJO,31,13,41.94,-7.05,-22.74,2.0,5.0,5.0
Over 2.0,BDI_n_bookmakers,BAJO,31,13,41.94,-7.05,-22.74,2.0,5.0,5.0
Over 2.0,Num_Casas,BAJO,31,13,41.94,-7.05,-22.74,2.0,5.0,5.0
Over 3.0,BDI_jsd_fair,ALTO,25,9,36.0,-7.08,-28.32,1.1e-05,0.000128,1.1e-05
Over 3.0,BDI_std_p_fair,ALTO,25,9,36.0,-7.08,-28.32,0.004745,0.015975,0.004745
Under 2.0,Mejor_Casa,bovada,13,3,23.08,-7.22,-55.54,,,
Over 3.0,Mejor_Casa,pinnacle,25,9,36.0,-7.26,-29.04,,,
Under 2.0,Margen_Casa_Pct,ALTO,29,11,37.93,-7.45,-25.69,4.82,7.1,4.82
Under 2.5,BDI_jsd,BAJO,210,111,52.86,-7.48,-3.56,0.0,4.9e-05,4.9e-05
Under 3.0,BDI_mad_p,ALTO,25,9,36.0,-7.55,-30.2,0.004968,0.018673,0.004968
Over 2.0,BDI_jsd,ALTO,29,11,37.93,-7.63,-26.31,1.6e-05,0.000285,1.6e-05
Over 2.0,BDI_std_p,ALTO,29,11,37.93,-7.63,-26.31,0.005702,0.023857,0.005702
Over 2.0,Volatilidad_Pct,ALTO,29,11,37.93,-7.63,-26.31,0.0205,0.0907,0.0205
Over 2.0,BDI_mad_p,ALTO,29,11,37.93,-7.64,-26.34,0.004656,0.022167,0.004656
Under 2.75,Mejor_Cuota,BAJO,45,20,44.44,-7.66,-17.02,1.82,1.91,1.91
Over 2.0,BDI_jsd_fair,ALTO,29,11,37.93,-7.89,-27.21,1.2e-05,0.000211,1.2e-05
Over 2.0,BDI_std_p_fair,ALTO,29,11,37.93,-7.89,-27.21,0.004821,0.020542,0.004821
Under 2.75,Diferencia_Cuota_Promedio,BAJO,44,19,43.18,-8.0,-18.18,0.0,0.01915,0.01915
Under 2.75,BDI_mad_p,BAJO,44,19,43.18,-8.03,-18.25,0.0,0.004118,0.004118
Under 2.75,BDI_jsd,BAJO,44,19,43.18,-8.07,-18.34,0.0,1.2e-05,1.2e-05
Under 2.75,BDI_std_p,BAJO,44,19,43.18,-8.07,-18.34,0.0,0.004871,0.004871
Under 2.75,Volatilidad_Pct,BAJO,44,19,43.18,-8.07,-18.34,0.0,0.01735,0.01735
Under 2.5,Margen_Casa_Pct,ALTO,210,112,53.33,-8.08,-3.85,6.795,11.51,6.795
Under 2.5,Mejor_Casa,nordicbet,26,10,38.46,-8.11,-31.19,,,
Under 1.5,Diferencia_Cuota_Promedio,BAJO,18,4,22.22,-8.2,-45.56,0.0,0.0575,0.0575
Over 2.0,Mejor_Casa,pinnacle,29,11,37.93,-8.23,-28.38,,,
Over 2.5,Mejor_Casa,coolbet,28,10,35.71,-8.23,-29.39,,,
Over 2.0,Mejor_Cuota,BAJO,30,12,40.0,-8.24,-27.47,1.7,1.88,1.88
Over 2.0,Cuota_Promedio_Mercado,BAJO,30,12,40.0,-8.24,-27.47,1.7,1.87,1.87
Over 2.5,Volatilidad_Pct,BAJO,210,107,50.95,-8.3,-3.95,0.0,0.0393,0.0393
Over 2.75,Volatilidad_Pct,ALTO,44,18,40.91,-8.3,-18.86,0.01955,0.0724,0.01955
Under 1.5,Mejor_Cuota,ALTO,16,3,18.75,-8.35,-52.19,2.46,2.74,2.46
Under 2.75,Cuota_Promedio_Mercado,ALTO,44,18,40.91,-8.43,-19.16,1.89365,2.32,1.89365
Over 2.5,Mejor_Casa,nordicbet,24,8,33.33,-8.43,-35.12,,,
Under 2.75,Mejor_Casa,pinnacle,47,20,42.55,-8.58,-18.26,,,
Under 3.0,BDI_jsd,BAJO,26,9,34.62,-8.59,-33.04,-0.0,1.7e-05,1.7e-05
Under 3.0,BDI_std_p,BAJO,26,9,34.62,-8.59,-33.04,0.0,0.005883,0.005883
Over 3.0,BDI_jsd_fair,BAJO,26,9,34.62,-8.65,-33.27,0.0,1.1e-05,1.1e-05
Over 3.0,BDI_std_p_fair,BAJO,26,9,34.62,-8.65,-33.27,0.000496,0.004745,0.004745
Under 2.0,Diferencia_Cuota_Promedio,BAJO,32,12,37.5,-8.7,-27.19,0.0,0.03,0.03
Under 3.0,Margen_Casa_Pct,ALTO,24,8,33.33,-8.76,-36.5,4.99,7.1,4.99
Over 2.0,Margen_Casa_Pct,BAJO,30,11,36.67,-8.79,-29.3,3.45,4.76,4.76
Over 2.25,Liga,League One,13,2,15.38,-9.09,-69.92,,,
Over 2.5,Margen_Casa_Pct,ALTO,209,100,47.85,-9.1,-4.35,6.5,10.16,6.5
Under 2.5,TOTAL_MERCADO,TOTAL,420,221,52.62,-9.14,-2.18,,,
Under 3.0,BDI_jsd_fair,ALTO,25,8,32.0,-9.15,-36.6,1.1e-05,0.000128,1.1e-05
Under 3.0,BDI_std_p_fair,ALTO,25,8,32.0,-9.15,-36.6,0.004745,0.015975,0.004745
Over 2.25,BDI_n_bookmakers_fair,ALTO,15,3,20.0,-9.16,-61.07,5.0,7.0,5.0
Over 2.25,BDI_n_bookmakers,ALTO,15,3,20.0,-9.16,-61.07,5.0,7.0,5.0
Over 2.25,Num_Casas,ALTO,15,3,20.0,-9.16,-61.07,5.0,7.0,5.0
Over 2.5,Margen_Casa_Pct,BAJO,211,99,46.92,-9.29,-4.4,2.87,6.5,6.5
Under 2.5,Diferencia_Cuota_Promedio,BAJO,210,114,54.29,-9.35,-4.45,0.0,0.04765,0.04765
Over 3.0,BDI_mad_p,ALTO,25,8,32.0,-9.36,-37.44,0.005031,0.017447,0.005031
Under 2.75,BDI_mad_p_fair,BAJO,44,18,40.91,-9.54,-21.68,0.0,0.00362,0.00362
Under 3.0,Mejor_Casa,pinnacle,29,10,34.48,-9.56,-32.97,,,
Over 2.5,Volatilidad_Pct,ALTO,210,92,43.81,-10.09,-4.8,0.0393,0.165,0.0393
Under 2.0,BDI_jsd_fair,BAJO,30,10,33.33,-10.14,-33.8,0.0,1.2e-05,1.2e-05
Under 2.0,BDI_std_p_fair,BAJO,30,10,33.33,-10.14,-33.8,0.000552,0.004821,0.004821
Under 2.0,BDI_mad_p_fair,BAJO,30,10,33.33,-10.14,-33.8,0.000552,0.003844,0.003844
Over 3.0,Margen_Casa_Pct,BAJO,26,8,30.77,-10.35,-39.81,3.35,4.75,4.75
Under 2.0,Cuota_Promedio_Mercado,ALTO,29,9,31.03,-10.4,-35.86,1.93,2.225,1.93
Under 2.0,BDI_jsd,BAJO,30,10,33.33,-10.49,-34.97,0.0,2e-05,2e-05
Under 2.0,BDI_std_p,BAJO,30,10,33.33,-10.49,-34.97,0.0,0.006353,0.006353
Under 2.0,Volatilidad_Pct,BAJO,30,10,33.33,-10.49,-34.97,0.0,0.0245,0.0245
Under 3.0,Volatilidad_Pct,BAJO,26,8,30.77,-10.53,-40.5,0.0,0.02,0.02
Under 2.5,Volatilidad_Pct,BAJO,210,115,54.76,-10.64,-5.07,0.0,0.0321,0.0321
Under 2.0,BDI_n_bookmakers_fair,ALTO,28,9,32.14,-10.68,-38.14,5.0,7.0,5.0
Under 2.0,BDI_n_bookmakers,ALTO,28,9,32.14,-10.68,-38.14,5.0,7.0,5.0
Under 2.0,Num_Casas,ALTO,28,9,32.14,-10.68,-38.14,5.0,7.0,5.0
Under 2.5,Mejor_Cuota,ALTO,204,92,45.1,-10.7,-5.25,1.86,4.33,1.86
Over 3.0,Diferencia_Cuota_Promedio,ALTO,23,6,26.09,-11.1,-48.26,0.03,0.095,0.03
Over 3.0,Volatilidad_Pct,ALTO,25,7,28.0,-11.14,-44.56,0.0219,0.0726,0.0219
Over 3.0,BDI_jsd,ALTO,25,7,28.0,-11.27,-45.08,2e-05,0.000179,2e-05
Over 3.0,BDI_std_p,ALTO,25,7,28.0,-11.27,-45.08,0.006264,0.018925,0.006264
Under 2.5,Liga,Serie B,18,4,22.22,-11.35,-63.06,,,
Under 2.0,Mejor_Casa,pinnacle,31,10,32.26,-11.61,-37.45,,,
Over 2.0,TOTAL_MERCADO,TOTAL,59,25,42.37,-11.66,-19.76,,,
Under 2.5,BDI_mad_p_fair,BAJO,210,106,50.48,-11.72,-5.58,0.0,0.005222,0.005222
Under 2.5,BDI_jsd_fair,BAJO,210,106,50.48,-11.86,-5.65,0.0,2e-05,2e-05
Over 3.0,Mejor_Cuota,BAJO,29,9,31.03,-11.92,-41.1,1.78,1.98,1.98
Under 2.0,Mejor_Cuota,ALTO,27,7,25.93,-12.36,-45.78,1.98,2.23,1.98
Under 2.0,BDI_mad_p,BAJO,30,9,30.0,-12.47,-41.57,0.0,0.005527,0.005527
Over 3.0,BDI_mad_p_fair,BAJO,26,7,26.92,-12.51,-48.12,0.000396,0.004085,0.004085
Under 3.0,Diferencia_Cuota_Promedio,BAJO,26,7,26.92,-12.62,-48.54,0.0,0.025,0.025
Over 2.5,BDI_mad_p,ALTO,210,98,46.67,-12.71,-6.05,0.008295,0.021199,0.008295
Over 2.5,BDI_std_p,ALTO,210,98,46.67,-12.72,-6.06,0.010251,0.024723,0.010251
Under 2.5,BDI_n_bookmakers_fair,ALTO,157,75,47.77,-12.8,-8.15,10.0,17.0,10.0
Under 2.5,BDI_n_bookmakers,ALTO,157,75,47.77,-12.8,-8.15,10.0,17.0,10.0
Under 2.5,Num_Casas,ALTO,157,75,47.77,-12.8,-8.15,10.0,17.0,10.0
Over 3.0,Cuota_Promedio_Mercado,BAJO,26,7,26.92,-12.83,-49.35,1.76,1.9317,1.9317
Under 2.0,BDI_mad_p,ALTO,29,8,27.59,-13.07,-45.07,0.005527,0.017804,0.005527
Under 2.75,TOTAL_MERCADO,TOTAL,88,39,44.32,-13.16,-14.95,,,
Under 2.0,Mejor_Cuota,BAJO,32,10,31.25,-13.18,-41.19,1.76,1.98,1.98
Over 2.25,Mejor_Cuota,ALTO,68,27,39.71,-13.29,-19.54,1.93,2.25,1.93
Under 2.75,BDI_jsd_fair,BAJO,44,16,36.36,-13.29,-30.2,0.0,1.1e-05,1.1e-05
Under 2.75,BDI_std_p_fair,BAJO,44,16,36.36,-13.29,-30.2,0.0,0.004725,0.004725
Over 3.0,BDI_n_bookmakers_fair,BAJO,45,16,35.56,-13.69,-30.42,2.0,6.0,6.0
Over 3.0,BDI_n_bookmakers,BAJO,45,16,35.56,-13.69,-30.42,2.0,6.0,6.0
Over 3.0,Num_Casas,BAJO,45,16,35.56,-13.69,-30.42,2.0,6.0,6.0
Under 2.5,BDI_std_p_fair,BAJO,210,105,50.0,-13.81,-6.58,0.0,0.006216,0.006216
Under 3.0,TOTAL_MERCADO,TOTAL,51,19,37.25,-14.01,-27.47,,,
Under 2.75,Margen_Casa_Pct,BAJO,44,15,34.09,-14.39,-32.7,3.34,5.22,5.22
Under 2.0,BDI_n_bookmakers_fair,BAJO,31,8,25.81,-14.86,-47.94,2.0,5.0,5.0
Under 2.0,BDI_n_bookmakers,BAJO,31,8,25.81,-14.86,-47.94,2.0,5.0,5.0
Under 2.0,Num_Casas,BAJO,31,8,25.81,-14.86,-47.94,2.0,5.0,5.0
Under 3.0,Cuota_Promedio_Mercado,BAJO,26,6,23.08,-14.88,-57.23,1.7675,1.88,1.88
Under 2.5,Cuota_Promedio_Mercado,ALTO,210,93,44.29,-14.91,-7.1,1.8052,4.33,1.8052
Under 2.0,BDI_jsd,ALTO,29,7,24.14,-15.05,-51.9,2e-05,0.000206,2e-05
Under 2.0,BDI_std_p,ALTO,29,7,24.14,-15.05,-51.9,0.006353,0.020229,0.006353
Under 2.0,Volatilidad_Pct,ALTO,29,7,24.14,-15.05,-51.9,0.0245,0.0716,0.0245
Under 3.0,BDI_mad_p_fair,ALTO,25,5,20.0,-15.09,-60.36,0.004085,0.015431,0.004085
Over 2.5,BDI_jsd,ALTO,210,97,46.19,-15.1,-7.19,5.4e-05,0.000309,5.4e-05
Under 2.0,Cuota_Promedio_Mercado,BAJO,30,8,26.67,-15.14,-50.47,1.75,1.93,1.93
Under 2.0,BDI_jsd_fair,ALTO,29,7,24.14,-15.4,-53.1,1.2e-05,0.000211,1.2e-05
Under 2.0,BDI_std_p_fair,ALTO,29,7,24.14,-15.4,-53.1,0.004821,0.020542,0.004821
Under 2.0,BDI_mad_p_fair,ALTO,29,7,24.14,-15.4,-53.1,0.003844,0.019096,0.003844
Over 3.0,TOTAL_MERCADO,TOTAL,51,18,35.29,-15.73,-30.84,,,
Over 2.5,Mejor_Casa,onexbet,111,48,43.24,-15.77,-14.21,,,
Under 3.0,Mejor_Cuota,BAJO,27,6,22.22,-15.88,-58.81,1.79,1.91,1.91
Under 3.0,BDI_n_bookmakers_fair,BAJO,45,15,33.33,-15.98,-35.51,2.0,6.0,6.0
Under 3.0,BDI_n_bookmakers,BAJO,45,15,33.33,-15.98,-35.51,2.0,6.0,6.0
Under 3.0,Num_Casas,BAJO,45,15,33.33,-15.98,-35.51,2.0,6.0,6.0
Under 2.0,Diferencia_Cuota_Promedio,ALTO,27,5,18.52,-16.84,-62.37,0.03,0.0867,0.03
Over 2.5,BDI_jsd_fair,ALTO,210,95,45.24,-16.9,-8.05,2e-05,0.000247,2e-05
Over 2.5,Diferencia_Cuota_Promedio,BAJO,210,102,48.57,-16.92,-8.06,0.0,0.05815,0.05815
Over 2.25,Cuota_Promedio_Mercado,ALTO,74,28,37.84,-17.37,-23.47,1.903,2.25,1.903
Under 2.5,Mejor_Casa,pinnacle,42,13,30.95,-17.46,-41.57,,,
Over 2.5,BDI_mad_p_fair,ALTO,210,95,45.24,-17.63,-8.4,0.005222,0.019206,0.005222
Under 2.0,Margen_Casa_Pct,BAJO,30,6,20.0,-18.09,-60.3,3.39,4.82,4.82
Under 2.75,BDI_n_bookmakers_fair,BAJO,64,24,37.5,-18.13,-28.33,2.0,5.0,5.0
Under 2.75,BDI_n_bookmakers,BAJO,64,24,37.5,-18.13,-28.33,2.0,5.0,5.0
Under 2.75,Num_Casas,BAJO,64,24,37.5,-18.13,-28.33,2.0,5.0,5.0
Over 2.5,TOTAL_MERCADO,TOTAL,420,199,47.38,-18.39,-4.38,,,
Over 2.25,BDI_jsd,BAJO,74,29,39.19,-18.39,-24.85,0.0,1.7e-05,1.7e-05
Over 2.25,BDI_std_p,BAJO,74,29,39.19,-18.39,-24.85,0.0,0.005839,0.005839
Over 2.25,BDI_mad_p,BAJO,74,29,39.19,-18.39,-24.85,0.0,0.005192,0.005192
Over 2.25,Margen_Casa_Pct,ALTO,67,25,37.31,-19.64,-29.31,4.76,7.0,4.76
Over 2.5,BDI_std_p_fair,ALTO,210,94,44.76,-19.95,-9.5,0.006216,0.021956,0.006216
Over 2.25,Diferencia_Cuota_Promedio,ALTO,68,24,35.29,-20.27,-29.81,0.024,0.09,0.024
Over 2.25,Volatilidad_Pct,BAJO,74,28,37.84,-20.51,-27.72,0.0,0.02235,0.02235
Over 2.5,Mejor_Cuota,ALTO,199,76,38.19,-21.16,-10.63,2.05,3.05,2.05
Over 2.25,BDI_jsd_fair,ALTO,74,27,36.49,-21.19,-28.64,1e-05,0.000157,1e-05
Over 2.25,BDI_std_p_fair,ALTO,74,27,36.49,-21.19,-28.64,0.004448,0.017714,0.004448
Over 2.25,BDI_mad_p_fair,ALTO,74,27,36.49,-21.27,-28.74,0.003905,0.017228,0.003905
Over 2.25,BDI_mad_p_fair,BAJO,74,27,36.49,-21.57,-29.15,0.0,0.003905,0.003905
Over 2.25,BDI_jsd_fair,BAJO,74,27,36.49,-21.65,-29.26,-0.0,1e-05,1e-05
Over 2.25,BDI_std_p_fair,BAJO,74,27,36.49,-21.65,-29.26,0.0,0.004448,0.004448
Over 2.25,Volatilidad_Pct,ALTO,74,26,35.14,-22.33,-30.18,0.02235,0.0807,0.02235
Over 2.25,Diferencia_Cuota_Promedio,BAJO,80,30,37.5,-22.57,-28.21,0.0,0.024,0.024
Over 2.5,BDI_n_bookmakers_fair,BAJO,263,117,44.49,-23.19,-8.82,2.0,10.0,10.0
Over 2.5,BDI_n_bookmakers,BAJO,263,117,44.49,-23.19,-8.82,2.0,10.0,10.0
Over 2.5,Num_Casas,BAJO,263,117,44.49,-23.19,-8.82,2.0,10.0,10.0
Over 2.25,Margen_Casa_Pct,BAJO,81,29,35.8,-23.2,-28.64,2.91,4.76,4.76
Over 2.5,Cuota_Promedio_Mercado,ALTO,210,80,38.1,-24.01,-11.43,1.97035,2.975,1.97035
Over 2.25,BDI_jsd,ALTO,74,25,33.78,-24.45,-33.04,1.7e-05,0.000212,1.7e-05
Over 2.25,BDI_std_p,ALTO,74,25,33.78,-24.45,-33.04,0.005839,0.020563,0.005839
Over 2.25,BDI_mad_p,ALTO,74,25,33.78,-24.45,-33.04,0.005192,0.019327,0.005192
Over 2.25,Cuota_Promedio_Mercado,BAJO,74,26,35.14,-25.47,-34.42,1.78,1.903,1.903
Under 2.0,TOTAL_MERCADO,TOTAL,59,17,28.81,-25.54,-43.29,,,
Over 2.25,Mejor_Casa,pinnacle,87,30,34.48,-28.52,-32.78,,,
Over 2.25,Mejor_Cuota,BAJO,80,27,33.75,-29.55,-36.94,1.78,1.93,1.93
Over 2.25,BDI_n_bookmakers_fair,BAJO,133,51,38.35,-33.68,-25.32,2.0,5.0,5.0
Over 2.25,BDI_n_bookmakers,BAJO,133,51,38.35,-33.68,-25.32,2.0,5.0,5.0
Over 2.25,Num_Casas,BAJO,133,51,38.35,-33.68,-25.32,2.0,5.0,5.0
Over 2.25,TOTAL_MERCADO,TOTAL,148,54,36.49,-42.84,-28.95,,,