fixture_id,league_id,league_name,bookmaker_id,bookmaker,home_odds,draw_odds,away_odds,odds_1x,odds_x2,prob_1x,prob_x2
1378035,135,Serie A,1,10Bet,6.0,3.75,1.6,2.3077,1.1215,43.33,89.17
1378035,135,Serie A,7,William Hill,5.5,3.75,1.57,2.2297,1.1067,44.85,90.36
1378035,135,Serie A,8,Bet365,5.75,3.8,1.62,2.288,1.1358,43.71,88.04
1378035,135,Serie A,2,Marathonbet,5.95,3.88,1.65,2.3485,1.1577,42.58,86.38
1378035,135,Serie A,16,Unibet,6.25,3.85,1.56,2.3824,1.1102,41.97,90.07
1378035,135,Serie A,3,Betfair,6.0,3.75,1.57,2.3077,1.1067,43.33,90.36
1378035,135,Serie A,13,188Bet,5.9,3.85,1.63,2.3297,1.1452,42.92,87.32
1378035,135,Serie A,4,Pinnacle,6.0,3.85,1.64,2.3452,1.1501,42.64,86.95
1378035,135,Serie A,5,SBO,5.51,3.64,1.6,2.192,1.1115,45.62,89.97
1378035,135,Serie A,11,1xBet,6.04,3.94,1.68,2.3845,1.1778,41.94,84.9
1378035,135,Serie A,32,Betano,6.0,3.85,1.67,2.3452,1.1648,42.64,85.85
1378035,135,Serie A,34,Superbet,5.8,3.75,1.65,2.2775,1.1458,43.91,87.28
1385272,408,Premiership,1,10Bet,2.4,3.0,2.85,1.3333,1.4615,75.0,68.42
1385272,408,Premiership,7,William Hill,2.4,3.0,2.9,1.3333,1.4746,75.0,67.82
1385272,408,Premiership,8,Bet365,2.45,3.1,2.88,1.3685,1.493,73.07,66.98
1385272,408,Premiership,2,Marathonbet,2.34,2.98,2.88,1.3108,1.4646,76.29,68.28
1385272,408,Premiership,16,Unibet,2.33,2.95,2.9,1.3018,1.4624,76.82,68.38
1385272,408,Premiership,3,Betfair,2.3,3.0,3.0,1.3019,1.5,76.81,66.67
1385272,408,Premiership,13,188Bet,2.09,3.1,2.85,1.2484,1.4849,80.1,67.34
1385272,408,Premiership,4,Pinnacle,2.46,3.11,3.12,1.3735,1.5575,72.81,64.21
1385272,408,Premiership,11,1xBet,2.36,2.98,2.94,1.317,1.4799,75.93,67.57
1385272,408,Premiership,32,Betano,2.42,3.0,3.0,1.3395,1.5,74.65,66.67
1385272,408,Premiership,34,Superbet,2.4,2.95,3.05,1.3234,1.4996,75.56,66.68
1387850,61,Ligue 1,1,10Bet,2.54,3.2,2.82,1.416,1.499,70.62,66.71
1387850,61,Ligue 1,7,William Hill,2.5,3.1,2.75,1.3839,1.4573,72.26,68.62
1387850,61,Ligue 1,8,Bet365,2.4,3.3,3.0,1.3895,1.5714,71.97,63.64
1387850,61,Ligue 1,2,Marathonbet,2.55,3.34,2.94,1.446,1.5636,69.16,63.95
1387850,61,Ligue 1,16,Unibet,2.5,3.25,2.8,1.413,1.5041,70.77,66.48
1387850,61,Ligue 1,3,Betfair,2.45,3.25,2.88,1.3969,1.5269,71.59,65.49
1387850,61,Ligue 1,13,188Bet,2.49,3.35,2.85,1.4283,1.5399,70.01,64.94
1387850,61,Ligue 1,4,Pinnacle,2.51,3.37,3.0,1.4386,1.5871,69.51,63.01
1387850,61,Ligue 1,5,SBO,2.43,3.17,2.76,1.3756,1.4754,72.7,67.78
1387850,61,Ligue 1,11,1xBet,2.57,3.4,3.01,1.4637,1.5966,68.32,62.63
1387850,61,Ligue 1,32,Betano,2.47,3.3,2.92,1.4127,1.5492,70.79,64.55
1387850,61,Ligue 1,34,Superbet,2.5,3.3,2.95,1.4224,1.5576,70.3,64.2
1387850,61,Ligue 1,21,888Sport,2.5,3.1,2.75,1.3839,1.4573,72.26,68.62
1389897,382,Liga Leumit,1,10Bet,1.91,3.4,3.55,1.223,1.7367,81.77,57.58
1389897,382,Liga Leumit,8,Bet365,1.8,3.4,3.75,1.1769,1.7832,84.97,56.08
1389897,382,Liga Leumit,2,Marathonbet,1.8,3.36,3.85,1.1721,1.7942,85.32,55.74
1389897,382,Liga Leumit,3,Betfair,1.85,3.3,3.9,1.1854,1.7875,84.36,55.94
1389897,382,Liga Leumit,13,188Bet,1.82,3.3,3.35,1.173,1.6624,85.25,60.15
1389897,382,Liga Leumit,4,Pinnacle,1.85,3.49,4.09,1.2091,1.8831,82.71,53.1
1389897,382,Liga Leumit,5,SBO,1.9,3.0,3.13,1.1633,1.5318,85.96,65.28
1389897,382,Liga Leumit,11,1xBet,1.81,3.36,3.98,1.1763,1.8219,85.01,54.89
1389897,382,Liga Leumit,32,Betano,1.88,3.4,3.75,1.2106,1.7832,82.6,56.08
1389897,382,Liga Leumit,34,Superbet,1.83,3.4,4.0,1.1897,1.8378,84.05,54.41
1389900,382,Liga Leumit,1,10Bet,1.8,3.4,3.95,1.1769,1.8272,84.97,54.73
1389900,382,Liga Leumit,8,Bet365,1.7,3.3,4.33,1.122,1.8727,89.13,53.4
1389900,382,Liga Leumit,2,Marathonbet,1.7,3.42,4.3,1.1355,1.9049,88.07,52.5
1389900,382,Liga Leumit,16,Unibet,1.58,3.5,5.1,1.0886,2.0756,91.86,48.18
1389900,382,Liga Leumit,3,Betfair,1.7,3.5,4.4,1.1442,1.9494,87.4,51.3
1389900,382,Liga Leumit,13,188Bet,1.65,3.45,3.95,1.1162,1.8416,89.59,54.3
1389900,382,Liga Leumit,4,Pinnacle,1.79,3.62,4.2,1.1977,1.9442,83.49,51.44
1389900,382,Liga Leumit,5,SBO,1.7,3.14,3.67,1.1029,1.6922,90.67,59.09
1389900,382,Liga Leumit,11,1xBet,1.72,3.42,4.38,1.1444,1.9205,87.38,52.07
1389900,382,Liga Leumit,32,Betano,1.8,3.45,4.05,1.1829,1.863,84.54,53.68
1389900,382,Liga Leumit,34,Superbet,1.77,3.55,4.1,1.1811,1.9026,84.67,52.56
1389902,382,Liga Leumit,1,10Bet,2.33,2.8,3.2,1.2717,1.4933,78.63,66.97
1389902,382,Liga Leumit,8,Bet365,2.25,2.7,3.3,1.2273,1.485,81.48,67.34
1389902,382,Liga Leumit,2,Marathonbet,2.26,2.84,3.14,1.2585,1.4912,79.46,67.06
1389902,382,Liga Leumit,3,Betfair,2.2,2.88,3.25,1.2472,1.5269,80.18,65.49
1389902,382,Liga Leumit,13,188Bet,2.06,3.2,2.82,1.2532,1.499,79.8,66.71
1389902,382,Liga Leumit,4,Pinnacle,2.29,2.99,3.33,1.2968,1.5754,77.11,63.48
1389902,382,Liga Leumit,5,SBO,2.2,2.78,2.72,1.2281,1.3748,81.43,72.74
1389902,382,Liga Leumit,11,1xBet,2.26,2.88,3.22,1.2663,1.5203,78.97,65.78
1389902,382,Liga Leumit,32,Betano,2.27,2.87,3.3,1.2675,1.535,78.9,65.15
1389902,382,Liga Leumit,34,Superbet,2.25,3.0,3.25,1.2857,1.56,77.78,64.1
1389903,382,Liga Leumit,1,10Bet,1.95,3.4,3.4,1.2393,1.7,80.69,58.82
1389903,382,Liga Leumit,8,Bet365,1.9,3.4,3.4,1.2189,1.7,82.04,58.82
1389903,382,Liga Leumit,2,Marathonbet,1.92,3.34,3.42,1.2192,1.6898,82.02,59.18
1389903,382,Liga Leumit,3,Betfair,1.91,3.4,3.5,1.223,1.7246,81.77,57.98
1389903,382,Liga Leumit,13,188Bet,1.9,3.5,2.96,1.2315,1.6037,81.2,62.36
1389903,382,Liga Leumit,4,Pinnacle,1.98,3.48,3.58,1.262,1.7646,79.24,56.67
1389903,382,Liga Leumit,5,SBO,2.01,2.98,2.88,1.2004,1.4646,83.31,68.28
1389903,382,Liga Leumit,11,1xBet,1.94,3.34,3.49,1.2272,1.7067,81.49,58.59
1389903,382,Liga Leumit,32,Betano,1.95,3.4,3.55,1.2393,1.7367,80.69,57.58
1389903,382,Liga Leumit,34,Superbet,1.95,3.45,3.5,1.2458,1.7374,80.27,57.56
1389904,382,Liga Leumit,8,Bet365,4.33,3.5,1.67,1.9355,1.1306,51.67,88.45
1389904,382,Liga Leumit,2,Marathonbet,4.4,3.58,1.65,1.9739,1.1294,50.66,88.54
1389904,382,Liga Leumit,16,Unibet,4.3,3.55,1.67,1.9446,1.1357,51.42,88.05
1389904,382,Liga Leumit,3,Betfair,4.6,3.6,1.67,2.0195,1.1408,49.52,87.66
1389904,382,Liga Leumit,13,188Bet,3.45,3.35,1.78,1.6996,1.1624,58.84,86.03
1389904,382,Liga Leumit,4,Pinnacle,4.37,3.77,1.74,2.0239,1.1905,49.41,84.0
1389904,382,Liga Leumit,5,SBO,3.76,3.18,1.67,1.7229,1.095,58.04,91.32
1389904,382,Liga Leumit,11,1xBet,4.48,3.58,1.67,1.9899,1.1388,50.25,87.81
1389904,382,Liga Leumit,32,Betano,4.35,3.6,1.72,1.9698,1.1639,50.77,85.92
1389904,382,Liga Leumit,34,Superbet,4.2,3.75,1.7,1.9811,1.1697,50.48,85.49
1390995,140,La Liga,1,10Bet,2.02,2.78,4.85,1.1699,1.7671,85.48,56.59
1390995,140,La Liga,7,William Hill,2.1,2.75,4.2,1.1907,1.6619,83.98,60.17
1390995,140,La Liga,8,Bet365,2.05,2.88,4.75,1.1976,1.7929,83.5,55.78
1390995,140,La Liga,2,Marathonbet,2.12,2.91,4.6,1.2265,1.7824,81.53,56.1
1390995,140,La Liga,16,Unibet,1.98,2.85,4.75,1.1683,1.7812,85.59,56.14
1390995,140,La Liga,3,Betfair,2.0,2.8,4.6,1.1667,1.7405,85.71,57.45
1390995,140,La Liga,13,188Bet,2.08,2.87,4.65,1.206,1.7747,82.92,56.35
1390995,140,La Liga,4,Pinnacle,2.1,2.91,4.78,1.2198,1.8088,81.98,55.29
1390995,140,La Liga,5,SBO,2.06,2.8,4.19,1.1868,1.6784,84.26,59.58
1390995,140,La Liga,11,1xBet,2.15,2.97,4.67,1.2472,1.8154,80.18,55.08
1390995,140,La Liga,32,Betano,2.07,2.85,4.6,1.1991,1.7597,83.4,56.83
1390995,140,La Liga,34,Superbet,2.1,2.82,4.7,1.2037,1.7625,83.08,56.74
1390995,140,La Liga,21,888Sport,2.1,2.75,4.2,1.1907,1.6619,83.98,60.17
1391982,141,Segunda División,1,10Bet,1.53,3.7,7.0,1.0824,2.4206,92.39,41.31
1391982,141,Segunda División,7,William Hill,1.55,3.6,6.5,1.0835,2.3168,92.29,43.16
1391982,141,Segunda División,8,Bet365,1.53,3.75,7.0,1.0866,2.4419,92.03,40.95
1391982,141,Segunda División,2,Marathonbet,1.52,3.7,6.95,1.0774,2.4146,92.82,41.41
1391982,141,Segunda División,16,Unibet,1.53,3.7,6.25,1.0824,2.3241,92.39,43.03
1391982,141,Segunda División,3,Betfair,1.47,3.6,6.5,1.0438,2.3168,95.8,43.16
1391982,141,Segunda División,13,188Bet,1.49,3.85,6.8,1.0743,2.4582,93.08,40.68
1391982,141,Segunda División,4,Pinnacle,1.55,3.86,7.49,1.1059,2.5473,90.42,39.26
1391982,141,Segunda División,5,SBO,1.48,3.66,6.28,1.0539,2.3124,94.89,43.25
1391982,141,Segunda División,11,1xBet,1.56,3.8,7.15,1.106,2.4813,90.42,40.3
1391982,141,Segunda División,32,Betano,1.57,3.9,7.8,1.1194,2.6,89.33,38.46
1391982,141,Segunda División,34,Superbet,1.56,3.75,6.9,1.1017,2.4296,90.77,41.16
1378034,135,Serie A,1,10Bet,2.22,3.3,3.25,1.3272,1.6374,75.35,61.07
1378034,135,Serie A,7,William Hill,2.2,3.1,3.25,1.2868,1.5866,77.71,63.03
1378034,135,Serie A,8,Bet365,2.25,3.2,3.4,1.3211,1.6485,75.69,60.66
1378034,135,Serie A,2,Marathonbet,2.31,3.3,3.38,1.3588,1.6698,73.59,59.89
1378034,135,Serie A,16,Unibet,2.23,3.2,3.3,1.3142,1.6246,76.09,61.55
1378034,135,Serie A,3,Betfair,2.3,3.2,3.3,1.3382,1.6246,74.73,61.55
1378034,135,Serie A,13,188Bet,2.28,3.25,3.4,1.34,1.6617,74.63,60.18
1378034,135,Serie A,4,Pinnacle,2.31,3.23,3.44,1.3468,1.6658,74.25,60.03
1378034,135,Serie A,5,SBO,2.24,3.01,2.84,1.2843,1.4613,77.86,68.43
1378034,135,Serie A,11,1xBet,2.35,3.35,3.44,1.3811,1.6972,72.41,58.92
1378034,135,Serie A,32,Betano,2.3,3.15,3.35,1.3294,1.6235,75.22,61.6
1378034,135,Serie A,34,Superbet,2.3,3.15,3.45,1.3294,1.6466,75.22,60.73
1378036,135,Serie A,1,10Bet,1.73,3.7,4.75,1.1788,2.0799,84.83,48.08
1378036,135,Serie A,7,William Hill,1.7,3.5,4.8,1.1442,2.0241,87.4,49.4
1378036,135,Serie A,8,Bet365,1.73,3.8,4.75,1.1888,2.1111,84.12,47.37
1378036,135,Serie A,2,Marathonbet,1.74,3.7,5.15,1.1835,2.1531,84.5,46.44
1378036,135,Serie A,16,Unibet,1.64,3.75,5.3,1.141,2.1961,87.64,45.54
1378036,135,Serie A,3,Betfair,1.73,3.7,5.0,1.1788,2.1264,84.83,47.03
1378036,135,Serie A,13,188Bet,1.74,3.7,5.0,1.1835,2.1264,84.5,47.03
1378036,135,Serie A,4,Pinnacle,1.75,3.62,5.26,1.1797,2.1443,84.77,46.64
1378036,135,Serie A,5,SBO,1.71,3.28,4.22,1.124,1.8455,88.97,54.19
1378036,135,Serie A,11,1xBet,1.78,3.78,5.27,1.2101,2.2012,82.64,45.43
1378036,135,Serie A,32,Betano,1.78,3.6,5.4,1.1911,2.16,83.96,46.3
1378036,135,Serie A,34,Superbet,1.74,3.6,5.2,1.173,2.1273,85.25,47.01
1378038,135,Serie A,1,10Bet,1.9,3.15,4.65,1.1851,1.8779,84.38,53.25
1378038,135,Serie A,7,William Hill,1.85,3.0,4.6,1.1443,1.8158,87.39,55.07
1378038,135,Serie A,8,Bet365,1.9,3.1,4.75,1.178,1.8758,84.89,53.31
1378038,135,Serie A,2,Marathonbet,1.93,3.18,4.85,1.2011,1.9207,83.26,52.06
1378038,135,Serie A,16,Unibet,1.85,3.15,4.9,1.1655,1.9174,85.8,52.15
1378038,135,Serie A,3,Betfair,1.91,3.2,5.0,1.1961,1.9512,83.61,51.25
1378038,135,Serie A,13,188Bet,1.9,3.2,5.0,1.1922,1.9512,83.88,51.25
1378038,135,Serie A,4,Pinnacle,1.93,3.11,5.09,1.1909,1.9305,83.97,51.8
1378038,135,Serie A,5,SBO,1.89,2.92,3.88,1.1474,1.6661,87.15,60.02
1378038,135,Serie A,11,1xBet,1.98,3.25,4.96,1.2304,1.9635,81.27,50.93
1378038,135,Serie A,32,Betano,1.95,3.15,5.1,1.2044,1.9473,83.03,51.35
1378038,135,Serie A,34,Superbet,1.92,3.1,5.0,1.1857,1.9136,84.34,52.26
1378040,135,Serie A,1,10Bet,1.26,5.5,12.0,1.0251,3.7714,97.55,26.52
1378040,135,Serie A,7,William Hill,1.25,5.0,11.0,1.0,3.4375,100.0,29.09
1378040,135,Serie A,8,Bet365,1.27,5.5,13.0,1.0318,3.8649,96.92,25.87
1378040,135,Serie A,2,Marathonbet,1.28,5.65,13.5,1.0436,3.983,95.82,25.11
1378040,135,Serie A,16,Unibet,1.25,5.75,11.5,1.0268,3.8333,97.39,26.09
1378040,135,Serie A,3,Betfair,1.25,5.5,13.0,1.0185,3.8649,98.18,25.87
1378040,135,Serie A,13,188Bet,1.27,5.8,12.5,1.0419,3.9617,95.98,25.24
1378040,135,Serie A,4,Pinnacle,1.27,5.8,12.43,1.0419,3.9547,95.98,25.29
1378040,135,Serie A,5,SBO,1.24,4.84,8.87,0.9871,3.1313,101.31,31.94
1378040,135,Serie A,11,1xBet,1.3,5.74,13.7,1.0599,4.0452,94.35,24.72
1378040,135,Serie A,32,Betano,1.3,5.6,12.5,1.0551,3.8674,94.78,25.86
1378040,135,Serie A,34,Superbet,1.27,5.7,12.0,1.0386,3.8644,96.28,25.88
1378042,135,Serie A,1,10Bet,1.93,3.35,4.1,1.2245,1.8436,81.67,54.24
1378042,135,Serie A,7,William Hill,1.91,3.2,4.0,1.1961,1.7778,83.61,56.25
1378042,135,Serie A,8,Bet365,1.91,3.3,4.2,1.2098,1.848,82.66,54.11
1378042,135,Serie A,2,Marathonbet,1.97,3.38,4.25,1.2446,1.8827,80.35,53.12
1378042,135,Serie A,16,Unibet,1.86,3.4,4.25,1.2023,1.8889,83.17,52.94
1378042,135,Serie A,3,Betfair,1.95,3.3,4.4,1.2257,1.8857,81.59,53.03
1378042,135,Serie A,13,188Bet,1.96,3.45,4.1,1.2499,1.8735,80.01,53.38
1378042,135,Serie A,4,Pinnacle,1.95,3.29,4.55,1.2243,1.9094,81.68,52.37
1378042,135,Serie A,5,SBO,1.93,3.04,3.54,1.1805,1.6355,84.71,61.14
1378042,135,Serie A,11,1xBet,2.02,3.46,4.34,1.2754,1.9252,78.41,51.94
1378042,135,Serie A,32,Betano,1.98,3.35,4.6,1.2445,1.9384,80.35,51.59
1378042,135,Serie A,34,Superbet,1.95,3.25,4.55,1.2187,1.8958,82.05,52.75
1379159,39,Premier League,1,10Bet,1.84,3.75,4.0,1.2343,1.9355,81.02,51.67
1379159,39,Premier League,7,William Hill,1.8,3.6,4.2,1.2,1.9385,83.33,51.59
1379159,39,Premier League,8,Bet365,1.8,3.8,4.2,1.2214,1.995,81.87,50.13
1379159,39,Premier League,2,Marathonbet,1.82,3.78,4.6,1.2285,2.0749,81.4,48.2
1379159,39,Premier League,16,Unibet,1.76,3.7,4.7,1.1927,2.0702,83.84,48.3
1379159,39,Premier League,3,Betfair,1.85,3.6,4.4,1.222,1.98,81.83,50.51
1379159,39,Premier League,13,188Bet,1.82,3.8,4.4,1.2306,2.039,81.26,49.04
1379159,39,Premier League,4,Pinnacle,1.85,3.64,4.56,1.2266,2.0242,81.53,49.4
1379159,39,Premier League,5,SBO,1.8,3.28,3.73,1.1622,1.7453,86.04,57.3
1379159,39,Premier League,11,1xBet,1.85,3.84,4.67,1.2485,2.1073,80.1,47.45
1379159,39,Premier League,32,Betano,1.83,3.9,4.5,1.2455,2.0893,80.29,47.86
1379159,39,Premier League,34,Superbet,1.83,3.6,4.55,1.2133,2.0098,82.42,49.76
1379160,39,Premier League,1,10Bet,5.5,4.75,1.5,2.5488,1.14,39.23,87.72
1379160,39,Premier League,7,William Hill,5.8,4.4,1.44,2.502,1.0849,39.97,92.17
1379160,39,Premier League,8,Bet365,6.5,4.75,1.44,2.7444,1.105,36.44,90.5
1379160,39,Premier League,2,Marathonbet,6.35,4.7,1.51,2.7009,1.1428,37.02,87.5
1379160,39,Premier League,16,Unibet,6.5,4.7,1.46,2.7277,1.114,36.66,89.77
1379160,39,Premier League,3,Betfair,6.0,4.6,1.5,2.6038,1.1311,38.41,88.41
1379160,39,Premier League,13,188Bet,6.4,4.65,1.48,2.6932,1.1227,37.13,89.07
1379160,39,Premier League,4,Pinnacle,6.08,4.87,1.5,2.7041,1.1468,36.98,87.2
1379160,39,Premier League,5,SBO,5.42,4.01,1.44,2.3048,1.0595,43.39,94.38
1379160,39,Premier League,11,1xBet,6.45,4.78,1.54,2.7454,1.1647,36.42,85.86
1379160,39,Premier League,32,Betano,6.1,4.75,1.53,2.6705,1.1572,37.45,86.42
1379160,39,Premier League,34,Superbet,5.9,4.6,1.52,2.5848,1.1425,38.69,87.53
1379161,39,Premier League,1,10Bet,1.45,4.4,7.0,1.0906,2.7018,91.69,37.01
1379161,39,Premier League,7,William Hill,1.44,4.2,6.0,1.0723,2.4706,93.26,40.48
1379161,39,Premier League,8,Bet365,1.45,4.5,7.0,1.0966,2.7391,91.19,36.51
1379161,39,Premier League,2,Marathonbet,1.5,4.55,6.85,1.1281,2.734,88.64,36.58
1379161,39,Premier League,16,Unibet,1.45,4.6,7.0,1.1025,2.7759,90.7,36.02
1379161,39,Premier League,3,Betfair,1.44,4.6,7.0,1.0967,2.7759,91.18,36.02
1379161,39,Premier League,13,188Bet,1.47,4.6,6.9,1.114,2.76,89.77,36.23
1379161,39,Premier League,4,Pinnacle,1.48,4.69,6.8,1.125,2.7756,88.89,36.03
1379161,39,Premier League,5,SBO,1.41,4.05,5.8,1.0459,2.3848,95.61,41.93
1379161,39,Premier League,11,1xBet,1.52,4.62,6.96,1.1437,2.7768,87.44,36.01
1379161,39,Premier League,32,Betano,1.52,4.65,6.7,1.1455,2.7449,87.3,36.43
1379161,39,Premier League,34,Superbet,1.48,4.6,6.7,1.1197,2.7274,89.31,36.66
1379168,39,Premier League,1,10Bet,2.54,3.2,2.82,1.416,1.499,70.62,66.71
1379168,39,Premier League,7,William Hill,2.45,3.25,2.75,1.3969,1.4896,71.59,67.13
1379168,39,Premier League,8,Bet365,2.55,3.25,2.88,1.4289,1.5269,69.98,65.49
1379168,39,Premier League,2,Marathonbet,2.58,3.34,2.9,1.4556,1.5522,68.7,64.42
1379168,39,Premier League,16,Unibet,2.6,3.35,2.7,1.4639,1.495,68.31,66.89
1379168,39,Premier League,3,Betfair,2.5,3.3,2.88,1.4224,1.5379,70.3,65.02
1379168,39,Premier League,13,188Bet,2.48,3.4,2.91,1.434,1.568,69.74,63.78
1379168,39,Premier League,4,Pinnacle,2.55,3.36,2.92,1.4497,1.5623,68.98,64.01
1379168,39,Premier League,5,SBO,2.43,3.0,2.6,1.3425,1.3929,74.49,71.79
1379168,39,Premier League,11,1xBet,2.62,3.4,2.95,1.4797,1.5795,67.58,63.31
1379168,39,Premier League,32,Betano,2.52,3.3,2.87,1.4289,1.535,69.98,65.15
1379168,39,Premier League,34,Superbet,2.52,3.3,2.92,1.4289,1.5492,69.98,64.55
1382786,179,Premiership,1,10Bet,1.91,3.85,3.6,1.2766,1.8604,78.33,53.75
1382786,179,Premiership,7,William Hill,1.91,3.8,3.5,1.2711,1.8219,78.67,54.89
1382786,179,Premiership,8,Bet365,1.9,4.0,3.5,1.2881,1.8667,77.63,53.57
1382786,179,Premiership,2,Marathonbet,1.87,3.8,3.65,1.2533,1.8617,79.79,53.71
1382786,179,Premiership,16,Unibet,1.93,3.65,3.5,1.2625,1.7867,79.21,55.97
1382786,179,Premiership,3,Betfair,1.95,3.9,3.4,1.3,1.8164,76.92,55.05
1382786,179,Premiership,13,188Bet,1.91,3.85,3.4,1.2766,1.8055,78.33,55.39
1382786,179,Premiership,4,Pinnacle,1.95,4.05,3.56,1.3162,1.8946,75.98,52.78
1382786,179,Premiership,5,SBO,1.91,3.36,3.25,1.2178,1.652,82.12,60.53
1382786,179,Premiership,11,1xBet,1.89,3.8,3.64,1.2622,1.8591,79.23,53.79
1382786,179,Premiership,32,Betano,1.98,4.1,3.65,1.3352,1.931,74.9,51.79
1382786,179,Premiership,34,Superbet,1.92,4.0,3.55,1.2973,1.8808,77.08,53.17
1378037,135,Serie A,1,10Bet,1.75,3.5,4.9,1.1667,2.0417,85.71,48.98
1378037,135,Serie A,7,William Hill,1.75,3.4,4.5,1.1553,1.9367,86.56,51.63
1378037,135,Serie A,8,Bet365,1.73,3.5,5.25,1.1577,2.1,86.38,47.62
1378037,135,Serie A,2,Marathonbet,1.77,3.65,5.0,1.192,2.1098,83.89,47.4
1378037,135,Serie A,16,Unibet,1.71,3.55,5.0,1.1541,2.076,86.65,48.17
1378037,135,Serie A,3,Betfair,1.75,3.5,5.0,1.1667,2.0588,85.71,48.57
1378037,135,Serie A,13,188Bet,1.78,3.7,4.85,1.2018,2.0988,83.21,47.65
1378037,135,Serie A,4,Pinnacle,1.74,3.79,5.04,1.1925,2.1633,83.86,46.23
1378037,135,Serie A,5,SBO,1.73,3.26,4.13,1.1302,1.8219,88.48,54.89
1378037,135,Serie A,11,1xBet,1.81,3.74,5.11,1.2197,2.1595,81.99,46.31
1378037,135,Serie A,32,Betano,1.75,3.7,4.85,1.1881,2.0988,84.17,47.65
1378037,135,Serie A,34,Superbet,1.76,3.65,5.0,1.1874,2.1098,84.22,47.4
1378039,135,Serie A,1,10Bet,1.42,4.6,7.3,1.085,2.8218,92.17,35.44
1378039,135,Serie A,7,William Hill,1.4,4.4,6.5,1.0621,2.6239,94.15,38.11
1378039,135,Serie A,8,Bet365,1.42,4.75,7.0,1.0932,2.8298,91.47,35.34
1378039,135,Serie A,2,Marathonbet,1.43,4.8,7.6,1.1018,2.9419,90.76,33.99
1378039,135,Serie A,16,Unibet,1.37,4.7,8.0,1.0608,2.9606,94.27,33.78
1378039,135,Serie A,3,Betfair,1.4,4.75,8.0,1.0813,2.9804,92.48,33.55
1378039,135,Serie A,13,188Bet,1.4,5.0,7.6,1.0938,3.0159,91.42,33.16
1378039,135,Serie A,4,Pinnacle,1.41,4.97,7.73,1.0984,3.025,91.04,33.06
1378039,135,Serie A,5,SBO,1.36,4.16,6.57,1.0249,2.5472,97.57,39.26
1378039,135,Serie A,11,1xBet,1.46,4.91,7.75,1.1254,3.0057,88.86,33.27
1378039,135,Serie A,32,Betano,1.44,4.45,7.6,1.0879,2.8066,91.92,35.63
1378039,135,Serie A,34,Superbet,1.44,4.75,7.2,1.105,2.8619,90.5,34.94
1378041,135,Serie A,1,10Bet,3.35,3.05,2.32,1.5965,1.3177,62.64,75.89
1378041,135,Serie A,7,William Hill,3.25,2.9,2.3,1.5325,1.2827,65.25,77.96
1378041,135,Serie A,8,Bet365,3.4,3.1,2.3,1.6215,1.3204,61.67,75.73
1378041,135,Serie A,2,Marathonbet,3.46,3.08,2.35,1.6295,1.333,61.37,75.02
1378041,135,Serie A,16,Unibet,3.6,3.0,2.2,1.6364,1.2692,61.11,78.79
1378041,135,Serie A,3,Betfair,3.6,3.0,2.3,1.6364,1.3019,61.11,76.81
1378041,135,Serie A,13,188Bet,3.55,2.94,2.38,1.6082,1.3153,62.18,76.03
1378041,135,Serie A,4,Pinnacle,3.56,3.07,2.34,1.6484,1.3279,60.66,75.31
1378041,135,Serie A,5,SBO,2.95,2.77,2.32,1.4286,1.2626,70.0,79.2
1378041,135,Serie A,11,1xBet,3.54,3.15,2.4,1.6668,1.3622,60.0,73.41
1378041,135,Serie A,32,Betano,3.45,3.0,2.32,1.6047,1.3083,62.32,76.44
1378041,135,Serie A,34,Superbet,3.55,3.0,2.35,1.626,1.3178,61.5,75.88
1378043,135,Serie A,1,10Bet,2.66,3.0,2.84,1.4099,1.4589,70.93,68.54
1378043,135,Serie A,7,William Hill,2.62,2.9,2.8,1.3764,1.4246,72.65,70.2
1378043,135,Serie A,8,Bet365,2.62,3.0,2.9,1.3986,1.4746,71.5,67.82
1378043,135,Serie A,2,Marathonbet,2.71,3.02,2.96,1.4283,1.4948,70.01,66.9
1378043,135,Serie A,16,Unibet,2.6,3.0,2.9,1.3929,1.4746,71.79,67.82
1378043,135,Serie A,3,Betfair,2.7,2.9,3.0,1.3982,1.4746,71.52,67.82
1378043,135,Serie A,13,188Bet,2.66,3.0,3.0,1.4099,1.5,70.93,66.67
1378043,135,Serie A,4,Pinnacle,2.74,2.97,3.03,1.4252,1.4998,70.17,66.68
1378043,135,Serie A,5,SBO,2.47,2.87,2.65,1.3275,1.3778,75.33,72.58
1378043,135,Serie A,11,1xBet,2.77,3.08,3.02,1.4584,1.5249,68.57,65.58
1378043,135,Serie A,32,Betano,2.7,2.87,3.0,1.3912,1.4668,71.88,68.18
1378043,135,Serie A,34,Superbet,2.72,2.9,3.05,1.4036,1.4866,71.25,67.27
1379162,39,Premier League,1,10Bet,2.34,3.25,3.1,1.3605,1.5866,73.5,63.03
1379162,39,Premier League,7,William Hill,2.38,3.1,3.0,1.3464,1.5246,74.27,65.59
1379162,39,Premier League,8,Bet365,2.35,3.25,3.1,1.3638,1.5866,73.32,63.03
1379162,39,Premier League,2,Marathonbet,2.45,3.24,3.18,1.3951,1.6049,71.68,62.31
1379162,39,Premier League,16,Unibet,2.38,3.2,3.15,1.3649,1.5874,73.27,63.0
1379162,39,Premier League,3,Betfair,2.4,3.1,3.25,1.3527,1.5866,73.93,63.03
1379162,39,Premier League,13,188Bet,2.36,3.2,3.25,1.3583,1.6124,73.62,62.02
1379162,39,Premier League,4,Pinnacle,2.41,3.18,3.3,1.371,1.6194,72.94,61.75
1379162,39,Premier League,5,SBO,2.3,2.98,2.8,1.2981,1.4436,77.04,69.27
1379162,39,Premier League,11,1xBet,2.49,3.29,3.23,1.4173,1.6299,70.56,61.35
1379162,39,Premier League,32,Betano,2.4,3.1,3.2,1.3527,1.5746,73.93,63.51
1379162,39,Premier League,34,Superbet,2.4,3.1,3.3,1.3527,1.5984,73.93,62.56
1379163,39,Premier League,1,10Bet,3.75,3.65,1.93,1.8497,1.2625,54.06,79.21
1379163,39,Premier League,7,William Hill,3.6,3.5,1.91,1.7746,1.2357,56.35,80.93
1379163,39,Premier League,8,Bet365,3.8,3.75,1.91,1.8874,1.2655,52.98,79.02
1379163,39,Premier League,2,Marathonbet,3.84,3.76,1.98,1.8998,1.297,52.64,77.1
1379163,39,Premier League,16,Unibet,3.7,3.55,2.0,1.8117,1.2793,55.2,78.17
1379163,39,Premier League,3,Betfair,3.9,3.7,1.95,1.8987,1.277,52.67,78.31
1379163,39,Premier League,13,188Bet,3.65,3.85,1.96,1.8737,1.2988,53.37,76.99
1379163,39,Premier League,4,Pinnacle,3.75,3.81,1.98,1.8899,1.3029,52.91,76.75
1379163,39,Premier League,5,SBO,3.33,3.17,1.95,1.624,1.2073,61.58,82.83
1379163,39,Premier League,11,1xBet,3.9,3.82,2.01,1.9298,1.317,51.82,75.93
1379163,39,Premier League,32,Betano,3.75,3.65,1.95,1.8497,1.271,54.06,78.68
1379163,39,Premier League,34,Superbet,3.7,3.65,2.0,1.8374,1.292,54.42,77.4
1379164,39,Premier League,1,10Bet,2.56,3.3,2.72,1.4416,1.491,69.37,67.07
1379164,39,Premier League,7,William Hill,2.5,3.3,2.62,1.4224,1.4605,70.3,68.47
1379164,39,Premier League,8,Bet365,2.6,3.3,2.7,1.4542,1.485,68.77,67.34
1379164,39,Premier League,2,Marathonbet,2.62,3.48,2.75,1.4947,1.5361,66.9,65.1
1379164,39,Premier League,16,Unibet,2.55,3.5,2.65,1.4752,1.5081,67.79,66.31
1379164,39,Premier League,3,Betfair,2.55,3.4,2.75,1.4571,1.5203,68.63,65.78
1379164,39,Premier League,13,188Bet,2.55,3.55,2.7,1.484,1.5336,67.39,65.21
1379164,39,Premier League,4,Pinnacle,2.55,3.56,2.77,1.4858,1.5579,67.3,64.19
1379164,39,Premier League,5,SBO,2.38,3.14,2.56,1.3538,1.4102,73.87,70.91
1379164,39,Premier League,11,1xBet,2.67,3.54,2.8,1.522,1.5634,65.7,63.96
1379164,39,Premier League,32,Betano,2.55,3.4,2.75,1.4571,1.5203,68.63,65.78
1379164,39,Premier League,34,Superbet,2.55,3.45,2.75,1.4662,1.5302,68.2,65.35
1379165,39,Premier League,1,10Bet,1.6,4.5,4.7,1.1803,2.2989,84.72,43.5
1379165,39,Premier League,7,William Hill,1.62,4.2,4.5,1.1691,2.1724,85.54,46.03
1379165,39,Premier League,8,Bet365,1.65,4.5,4.5,1.2073,2.25,82.83,44.44
1379165,39,Premier League,2,Marathonbet,1.65,4.6,4.8,1.2144,2.3489,82.35,42.57
1379165,39,Premier League,16,Unibet,1.6,4.5,4.9,1.1803,2.3457,84.72,42.63
1379165,39,Premier League,3,Betfair,1.62,4.6,5.0,1.1981,2.3958,83.47,41.74
1379165,39,Premier League,13,188Bet,1.64,4.65,4.55,1.2124,2.2997,82.48,43.48
1379165,39,Premier League,4,Pinnacle,1.61,4.77,4.85,1.2037,2.4048,83.08,41.58
1379165,39,Premier League,5,SBO,1.58,3.86,4.31,1.1211,2.0363,89.2,49.11
1379165,39,Premier League,11,1xBet,1.68,4.68,4.88,1.2362,2.389,80.89,41.86
1379165,39,Premier League,32,Betano,1.62,4.45,4.7,1.1876,2.2858,84.2,43.75
1379165,39,Premier League,34,Superbet,1.67,4.4,4.55,1.2105,2.2369,82.61,44.7
1379166,39,Premier League,1,10Bet,1.65,3.9,5.1,1.1595,2.21,86.24,45.25
1379166,39,Premier League,7,William Hill,1.65,3.8,4.8,1.1505,2.1209,86.92,47.15
1379166,39,Premier League,8,Bet365,1.67,4.0,5.0,1.1781,2.2222,84.88,45.0
1379166,39,Premier League,2,Marathonbet,1.69,4.05,5.2,1.1924,2.2768,83.86,43.92
1379166,39,Premier League,16,Unibet,1.62,4.0,5.3,1.153,2.2796,86.73,43.87
1379166,39,Premier League,3,Betfair,1.67,4.0,5.0,1.1781,2.2222,84.88,45.0
1379166,39,Premier League,13,188Bet,1.67,4.1,5.1,1.1867,2.2728,84.27,44.0
1379166,39,Premier League,4,Pinnacle,1.68,4.12,5.06,1.1934,2.2709,83.79,44.04
1379166,39,Premier League,5,SBO,1.65,3.44,4.32,1.1151,1.9151,89.68,52.22
1379166,39,Premier League,11,1xBet,1.72,4.11,5.28,1.2126,2.3111,82.47,43.27
1379166,39,Premier League,32,Betano,1.7,3.9,4.9,1.1839,2.1716,84.47,46.05
1379166,39,Premier League,34,Superbet,1.68,4.0,5.0,1.1831,2.2222,84.52,45.0
1379167,39,Premier League,1,10Bet,1.87,3.45,4.3,1.2127,1.9142,82.46,52.24
1379167,39,Premier League,7,William Hill,1.8,3.4,4.4,1.1769,1.9179,84.97,52.14
1379167,39,Premier League,8,Bet365,1.83,3.5,4.5,1.2017,1.9688,83.22,50.79
1379167,39,Premier League,2,Marathonbet,1.84,3.64,4.7,1.2222,2.0513,81.82,48.75
1379167,39,Premier League,16,Unibet,1.83,3.5,4.6,1.2017,1.9877,83.22,50.31
1379167,39,Premier League,3,Betfair,1.83,3.6,4.6,1.2133,2.0195,82.42,49.52
1379167,39,Premier League,13,188Bet,1.83,3.65,4.55,1.2189,2.0253,82.04,49.38
1379167,39,Premier League,4,Pinnacle,1.85,3.75,4.41,1.2388,2.0267,80.72,49.34
1379167,39,Premier League,5,SBO,1.82,3.15,3.86,1.1535,1.7345,86.69,57.65
1379167,39,Premier League,11,1xBet,1.87,3.7,4.77,1.2422,2.0837,80.5,47.99
1379167,39,Premier League,32,Betano,1.83,3.6,4.45,1.2133,1.9901,82.42,50.25
1379167,39,Premier League,34,Superbet,1.85,3.65,4.35,1.2277,1.9847,81.45,50.39
