Partido,Fecha_Hora_Colombia,Liga,Tipo_Mercado,Mercado,Mejor_Cuota,Mejor_Casa,Num_Casas,Score_Final,Diferencia_Cuota_Promedio,Volatilidad_Pct,Margen_Casa_Pct,Cuota_Promedio_Mercado,Todas_Las_Cuotas,BDI_jsd,BDI_n_bookmakers,BDI_std_p,BDI_mad_p,BDI_jsd_fair,BDI_n_bookmakers_fair,BDI_std_p_fair,BDI_mad_p_fair,Marcador,Resultado,Rendimiento,decile
1. FC Heidenheim vs Bayern Munich,2025-12-21 11:30:00,Bundesliga,Goles (Over/Under),Under 3.5,2.33,leovegas_se,11,0.2823,0.0745,3.23,5.42,2.2555,leovegas_se:2.33; grosvenor:2.32; tabtouch:2.3; unibet_nl:2.3; unibet_se:2.3; casumo:2.3; leovegas:2.28; betsson:2.22; nordicbet:2.22; codere_it:2.14; betmgm:2.1,0.00016,11,0.014827,0.012544,0.000106,11,0.011983,0.011017,0-4,Fallido,-1.0,8
1. FC Nürnberg vs Hannover 96,2025-12-21 07:30:00,Bundesliga 2,Goles (Over/Under),Under 2.5,2.3,tipico_de,14,0.3846,0.145,3.12,5.98,2.155,tipico_de:2.3; codere_it:2.23; nordicbet:2.22; betsson:2.22; betmgm:2.2; williamhill:2.2; unibet:2.1; leovegas_se:2.1; leovegas:2.1; tabtouch:2.1; unibet_nl:2.1; unibet_se:2.1; casumo:2.1; grosvenor:2.1,0.000147,14,0.014212,0.013383,9.5e-05,14,0.011367,0.010935,2-1,Fallido,-1.0,7
AEK Athens vs OFI Crete,2025-12-21 14:00:00,Super League,Goles (Over/Under),Under 2.5,2.5,williamhill,9,-0.0328,0.1511,2.27,9.44,2.3489,williamhill:2.5; unibet_nl:2.33; leovegas_se:2.33; casumo:2.33; unibet_se:2.33; grosvenor:2.33; leovegas:2.33; unibet:2.33; tabtouch:2.33,6.3e-05,9,0.009172,0.005765,5.9e-05,9,0.008796,0.00552,2-1,Fallido,-1.0,6
AEL vs Atromitos Athens,2025-12-21 10:30:00,Super League,Goles (Over/Under),Over 2.5,2.3,williamhill,12,0.219,0.1075,2.2,7.17,2.1925,williamhill:2.3; tipico_de:2.25; betmgm:2.25; codere_it:2.23; grosvenor:2.16; unibet:2.16; unibet_se:2.16; unibet_nl:2.16; casumo:2.16; leovegas:2.16; tabtouch:2.16; leovegas_se:2.16,7e-05,12,0.009837,0.008861,5.3e-05,12,0.008426,0.007845,0-0,Fallido,-1.0,5
AVS Futebol SAD vs Nacional,2025-12-21 10:30:00,Primeira Liga,Goles (Over/Under),Over 2.5,2.28,unibet,14,-0.066,0.0571,3.05,8.79,2.2229,unibet:2.28; unibet_se:2.28; grosvenor:2.28; tabtouch:2.28; casumo:2.28; unibet_nl:2.28; leovegas_se:2.28; leovegas:2.28; coolbet:2.19; tipico_de:2.15; betmgm:2.15; williamhill:2.15; nordicbet:2.12; betsson:2.12,0.000141,14,0.013913,0.01337,0.000197,14,0.016306,0.015911,2-2,Acertado,1.2799999999999998,9
Alanyaspor vs Fatih Karagümrük,2025-12-21 06:30:00,Super League,Goles (Over/Under),Under 2.5,1.97,pinnacle,16,1.6972,0.0819,1.54,2.84,1.8881,pinnacle:1.97; bovada:1.93; betsson:1.91; nordicbet:1.91; tipico_de:1.9; coolbet:1.9; unibet:1.87; unibet_nl:1.87; leovegas:1.87; grosvenor:1.87; casumo:1.87; unibet_se:1.87; leovegas_se:1.87; tabtouch:1.87; betmgm:1.87; codere_it:1.86,4.6e-05,16,0.007957,0.006623,4e-06,16,0.002443,0.00162,2-0,Acertado,0.97,0
Aston Villa vs Manchester United,2025-12-21 11:30:00,EPL,Goles (Over/Under),Under 2.5,2.35,nordicbet,14,0.1168,0.0907,2.04,5.05,2.2593,nordicbet:2.35; betsson:2.35; codere_it:2.33; mybookieag:2.25; williamhill:2.25; tipico_de:2.25; leovegas_se:2.25; leovegas:2.25; unibet_se:2.23; casumo:2.23; tabtouch:2.23; grosvenor:2.23; unibet_nl:2.23; betmgm:2.2,5.7e-05,14,0.008831,0.006878,3.9e-05,14,0.007212,0.006408,2-1,Fallido,-1.0,5
Burgos CF vs Zaragoza,2025-12-21 12:30:00,La Liga 2,Goles (Over/Under),Under 1.5,2.35,unibet,13,-0.0108,0.0362,2.39,9.22,2.3138,unibet:2.35; casumo:2.35; tabtouch:2.35; unibet_se:2.35; grosvenor:2.35; unibet_nl:2.35; leovegas:2.35; leovegas_se:2.35; tipico_de:2.35; betsson:2.25; nordicbet:2.25; codere_it:2.23; betmgm:2.2,8.2e-05,13,0.010605,0.009558,7.5e-05,13,0.010013,0.009022,1-1,Fallido,-1.0,6
CD Mirandés vs Córdoba,2025-12-21 10:15:00,La Liga 2,Goles (Over/Under),Over 2.5,2.12,coolbet,15,0.4357,0.0887,1.56,5.99,2.0313,coolbet:2.12; nordicbet:2.05; betsson:2.05; williamhill:2.05; betmgm:2.05; codere_it:2.04; unibet_se:2.02; tabtouch:2.02; grosvenor:2.02; unibet:2.02; unibet_nl:2.02; casumo:2.02; leovegas:2.02; leovegas_se:2.0; tipico_de:1.97,4.1e-05,15,0.007555,0.005509,1.3e-05,15,0.004232,0.002549,1-2,Acertado,1.12,1
Cagliari vs Pisa,2025-12-21 06:30:00,Serie A,Goles (Over/Under),Over 2.5,2.45,tipico_de,13,-0.0393,0.0692,1.52,6.61,2.3808,tipico_de:2.45; codere_it:2.44; leovegas_se:2.4; nordicbet:2.38; betsson:2.38; unibet_nl:2.38; unibet_se:2.38; tabtouch:2.38; casumo:2.38; grosvenor:2.38; leovegas:2.35; betmgm:2.35; williamhill:2.3,3e-05,13,0.006411,0.003958,1.6e-05,13,0.004548,0.00244,2-2,Acertado,1.4500000000000002,2
Celtic vs Aberdeen,2025-12-21 10:00:00,Premiership,Goles (Over/Under),Under 2.5,2.6,williamhill,9,0.1504,0.1956,2.88,7.91,2.4044,williamhill:2.6; unibet_nl:2.38; leovegas_se:2.38; unibet_se:2.38; leovegas:2.38; grosvenor:2.38; unibet:2.38; tabtouch:2.38; casumo:2.38,9.4e-05,9,0.011173,0.007023,6.1e-05,9,0.008911,0.005566,3-1,Fallido,-1.0,6
Club Brugge vs Gent,2025-12-21 07:30:00,Belgium First Div,Goles (Over/Under),Over 3.5,2.14,unibet,13,0.1408,0.0215,1.2,6.25,2.1185,unibet:2.14; casumo:2.14; unibet_se:2.14; unibet_nl:2.14; grosvenor:2.14; nordicbet:2.13; betsson:2.13; tabtouch:2.12; coolbet:2.11; leovegas_se:2.1; leovegas:2.1; betmgm:2.1; tipico_de:2.05,2.4e-05,13,0.00575,0.004579,1.2e-05,13,0.004017,0.002415,2-1,Fallido,-1.0,1
Eintracht Braunschweig vs FC Schalke 04,2025-12-21 07:30:00,Bundesliga 2,Goles (Over/Under),Over 2.5,2.08,bovada,16,0.8991,0.0781,1.23,4.26,2.0019,bovada:2.08; coolbet:2.03; unibet:2.0; leovegas_se:2.0; unibet_nl:2.0; leovegas:2.0; tabtouch:2.0; unibet_se:2.0; casumo:2.0; grosvenor:2.0; tipico_de:2.0; betmgm:2.0; williamhill:2.0; nordicbet:1.98; betsson:1.98; codere_it:1.96,2.6e-05,16,0.006006,0.003229,8e-06,16,0.003372,0.003049,2-1,Acertado,1.08,0
Elche CF vs Rayo Vallecano,2025-12-21 12:30:00,La Liga,Goles (Over/Under),Over 2.5,2.35,tipico_de,14,0.1264,0.0514,1.33,6.25,2.2986,tipico_de:2.35; leovegas_se:2.33; betsson:2.32; nordicbet:2.32; grosvenor:2.32; casumo:2.3; unibet_se:2.3; unibet:2.3; tabtouch:2.3; unibet_nl:2.3; leovegas:2.3; williamhill:2.25; betmgm:2.25; codere_it:2.24,2.5e-05,14,0.005854,0.004275,5e-06,14,0.002581,0.001958,4-0,Acertado,1.35,0
FC Lausanne-Sport vs FC Luzern,2025-12-21 08:00:00,Swiss Superleague,Goles (Over/Under),Under 2.5,2.38,williamhill,9,0.3354,0.0733,1.16,6.53,2.3067,williamhill:2.38; unibet:2.3; unibet_se:2.3; casumo:2.3; unibet_nl:2.3; leovegas:2.3; grosvenor:2.3; tabtouch:2.3; leovegas_se:2.28,1.8e-05,9,0.00489,0.002981,2e-06,9,0.001588,0.001061,0-4,Fallido,-1.0,0
FC Lugano vs BSC Young Boys,2025-12-21 10:30:00,Swiss Superleague,Goles (Over/Under),Under 2.5,2.25,williamhill,14,0.2464,0.0964,2.93,6.94,2.1536,williamhill:2.25; tipico_de:2.25; nordicbet:2.22; betsson:2.22; codere_it:2.21; betmgm:2.2; unibet:2.1; leovegas_se:2.1; unibet_se:2.1; casumo:2.1; leovegas:2.1; unibet_nl:2.1; tabtouch:2.1; grosvenor:2.1,0.000131,14,0.013457,0.013087,7.9e-05,14,0.010354,0.010218,3-0,Fallido,-1.0,6
FC Utrecht vs PSV Eindhoven,2025-12-21 06:15:00,Eredivisie,Goles (Over/Under),Over 3.5,2.26,betsson,13,0.0881,0.0515,2.09,6.36,2.2085,betsson:2.26; nordicbet:2.26; casumo:2.23; leovegas:2.23; grosvenor:2.23; unibet_nl:2.23; tabtouch:2.23; unibet_se:2.23; unibet:2.23; leovegas_se:2.17; codere_it:2.16; betmgm:2.15; tipico_de:2.1,6.8e-05,13,0.009659,0.008166,3e-05,13,0.00635,0.003835,1-2,Fallido,-1.0,4
FC Viktoria Köln 1904 vs MSV Duisburg,2025-12-21 13:30:00,3. Liga,Goles (Over/Under),Under 2.5,2.05,tipico_de,14,0.652,0.2321,6.45,5.92,1.8179,tipico_de:2.05; bovada:1.95; coolbet:1.94; betsson:1.92; nordicbet:1.92; codere_it:1.91; unibet_nl:1.72; leovegas_se:1.72; unibet_se:1.72; tabtouch:1.72; grosvenor:1.72; unibet:1.72; leovegas:1.72; casumo:1.72,0.000866,14,0.03449,0.033229,0.000388,14,0.02318,0.022448,0-0,Acertado,1.0499999999999998,9
FC Volendam vs Sparta Rotterdam,2025-12-21 10:45:00,Eredivisie,Goles (Over/Under),Under 2.5,2.36,nordicbet,13,0.0201,0.0585,1.33,6.48,2.3015,nordicbet:2.36; betsson:2.36; tabtouch:2.3; grosvenor:2.3; casumo:2.3; unibet_se:2.3; unibet_nl:2.3; leovegas:2.3; unibet:2.3; williamhill:2.3; tipico_de:2.3; leovegas_se:2.25; betmgm:2.25,2.4e-05,13,0.005754,0.003335,1.4e-05,13,0.004394,0.003486,0-1,Acertado,1.3599999999999999,2
FSV Mainz 05 vs FC St. Pauli,2025-12-21 09:30:00,Bundesliga,Goles (Over/Under),Over 2.5,2.18,codere_it,14,0.5636,0.0507,1.35,4.01,2.1293,codere_it:2.18; tipico_de:2.15; leovegas_se:2.15; grosvenor:2.14; casumo:2.14; tabtouch:2.14; unibet_nl:2.14; unibet_se:2.14; coolbet:2.12; betsson:2.12; nordicbet:2.12; leovegas:2.12; williamhill:2.1; betmgm:2.05,3e-05,14,0.006423,0.004632,1e-05,14,0.003614,0.002857,0-0,Fallido,-1.0,1
Feyenoord vs FC Twente Enschede,2025-12-21 08:30:00,Eredivisie,Goles (Over/Under),Under 2.5,2.45,betsson,11,0.1472,0.0182,1.81,6.18,2.4318,betsson:2.45; nordicbet:2.45; unibet_nl:2.45; grosvenor:2.45; tabtouch:2.45; unibet_se:2.45; casumo:2.45; unibet:2.45; leovegas:2.45; leovegas_se:2.4; williamhill:2.3,4.5e-05,11,0.007797,0.005225,2.7e-05,11,0.005967,0.003474,1-1,Acertado,1.4500000000000002,3
Fiorentina vs Udinese,2025-12-21 12:00:00,Serie A,Goles (Over/Under),Over 2.5,2.2,leovegas_se,14,0.3032,0.0643,2.47,4.98,2.1357,leovegas_se:2.2; coolbet:2.2; grosvenor:2.18; tabtouch:2.17; unibet_se:2.17; unibet_nl:2.17; casumo:2.17; leovegas:2.15; betsson:2.12; nordicbet:2.12; tipico_de:2.1; codere_it:2.05; williamhill:2.05; betmgm:2.05,0.0001,14,0.01174,0.010271,3.9e-05,14,0.007339,0.006621,5-1,Acertado,1.2000000000000002,5
Fortuna Sittard vs AZ Alkmaar,2025-12-21 10:45:00,Eredivisie,Goles (Over/Under),Under 2.5,2.33,unibet,13,0.0938,0.0223,1.65,6.61,2.3077,unibet:2.33; tabtouch:2.33; grosvenor:2.33; casumo:2.33; unibet_nl:2.33; leovegas:2.33; unibet_se:2.33; betsson:2.32; nordicbet:2.32; williamhill:2.3; leovegas_se:2.3; tipico_de:2.25; betmgm:2.2,4e-05,13,0.007382,0.005344,2e-05,13,0.005239,0.003918,4-3,Fallido,-1.0,2
Galatasaray vs Kasimpasa SK,2025-12-21 12:00:00,Super League,Goles (Over/Under),Under 3.5,1.95,tipico_de,16,-0.0077,0.1412,3.9,7.78,1.8088,tipico_de:1.95; pinnacle:1.93; bovada:1.91; coolbet:1.89; betmgm:1.83; betsson:1.81; nordicbet:1.81; codere_it:1.81; tabtouch:1.75; grosvenor:1.75; leovegas_se:1.75; unibet_se:1.75; unibet_nl:1.75; casumo:1.75; leovegas:1.75; unibet:1.75,0.000319,16,0.020948,0.017744,0.00013,16,0.013416,0.010557,3-0,Acertado,0.95,8
Girona vs Atlético Madrid,2025-12-21 08:00:00,La Liga,Goles (Over/Under),Under 2.5,2.12,coolbet,15,1.0263,0.084,2.0,3.04,2.036,coolbet:2.12; codere_it:2.1; betsson:2.08; nordicbet:2.08; tipico_de:2.05; williamhill:2.05; leovegas_se:2.04; grosvenor:2.02; unibet_nl:2.0; unibet_se:2.0; unibet:2.0; tabtouch:2.0; leovegas:2.0; casumo:2.0; betmgm:2.0,6.8e-05,15,0.009674,0.008564,2.6e-05,15,0.006024,0.005504,0-3,Fallido,-1.0,3
Go Ahead Eagles vs Groningen,2025-12-21 08:30:00,Eredivisie,Goles (Over/Under),Under 2.5,2.2,unibet_se,15,0.0426,0.0567,2.82,6.8,2.1433,unibet_se:2.2; casumo:2.2; grosvenor:2.2; leovegas:2.2; unibet_nl:2.2; unibet:2.2; tabtouch:2.2; leovegas_se:2.16; tipico_de:2.15; williamhill:2.1; coolbet:2.1; betsson:2.07; nordicbet:2.07; codere_it:2.05; betmgm:2.05,0.000128,15,0.013312,0.012339,0.000103,15,0.011835,0.011155,1-1,Acertado,1.2000000000000002,7
Goztepe vs Samsunspor,2025-12-21 12:00:00,Super League,Goles (Over/Under),Over 2.5,2.19,coolbet,13,0.378,0.1054,2.39,5.9,2.0846,coolbet:2.19; nordicbet:2.16; betsson:2.16; betmgm:2.1; codere_it:2.09; unibet:2.05; tabtouch:2.05; unibet_se:2.05; casumo:2.05; grosvenor:2.05; leovegas_se:2.05; unibet_nl:2.05; leovegas:2.05,9.1e-05,13,0.011202,0.00964,3.4e-05,13,0.006856,0.006267,2-0,Fallido,-1.0,4
Granada CF vs Albacete,2025-12-21 12:30:00,La Liga 2,Goles (Over/Under),Over 2.5,2.06,coolbet,15,0.4343,0.1053,2.82,6.01,1.9547,coolbet:2.06; betsson:2.02; nordicbet:2.02; codere_it:2.0; williamhill:2.0; betmgm:2.0; tipico_de:1.97; unibet:1.91; unibet_se:1.91; casumo:1.91; tabtouch:1.91; unibet_nl:1.91; leovegas:1.91; grosvenor:1.91; leovegas_se:1.88,0.000147,15,0.014291,0.013446,8.5e-05,15,0.010844,0.010465,1-1,Fallido,-1.0,7
Grasshopper Zürich vs FC St Gallen,2025-12-21 10:30:00,Swiss Superleague,Goles (Over/Under),Under 2.5,2.12,coolbet,15,0.6801,0.076,1.67,4.97,2.044,coolbet:2.12; tipico_de:2.1; nordicbet:2.08; betsson:2.08; williamhill:2.05; betmgm:2.05; codere_it:2.04; unibet:2.02; grosvenor:2.02; unibet_se:2.02; casumo:2.02; leovegas:2.02; tabtouch:2.02; unibet_nl:2.02; leovegas_se:2.0,4.7e-05,15,0.008076,0.006826,7e-06,15,0.003074,0.002927,1-2,Fallido,-1.0,0
Hearts vs Rangers,2025-12-21 08:30:00,Premiership,Goles (Over/Under),Under 2.5,1.98,pinnacle,17,1.8392,0.1441,3.4,2.86,1.8359,pinnacle:1.98; bovada:1.91; tipico_de:1.9; coolbet:1.9; nordicbet:1.88; betsson:1.88; williamhill:1.85; betmgm:1.85; codere_it:1.84; unibet_se:1.78; tabtouch:1.78; casumo:1.78; unibet_nl:1.78; leovegas:1.78; grosvenor:1.78; unibet:1.78; leovegas_se:1.76,0.000241,17,0.018229,0.016262,8.4e-05,17,0.010775,0.01029,2-1,Fallido,-1.0,6
Leuven vs Cercle Brugge KSV,2025-12-21 13:15:00,Belgium First Div,Goles (Over/Under),Under 2.5,2.02,pinnacle,15,1.0245,0.0527,1.5,3.27,1.9673,pinnacle:2.02; coolbet:2.02; tipico_de:2.0; bovada:2.0; betmgm:1.98; unibet:1.97; grosvenor:1.96; unibet_nl:1.96; casumo:1.96; unibet_se:1.96; tabtouch:1.94; nordicbet:1.94; betsson:1.94; leovegas_se:1.93; leovegas:1.93,4.1e-05,15,0.007579,0.006364,2.4e-05,15,0.005811,0.004074,0-2,Acertado,1.02,3
Mantova vs Empoli,2025-12-21 11:15:00,Serie B,Goles (Over/Under),Over 2.5,2.07,unibet_nl,17,-0.1029,0.0559,3.11,8.55,2.0141,unibet_nl:2.07; grosvenor:2.07; unibet_se:2.07; leovegas_se:2.07; casumo:2.07; leovegas:2.07; unibet:2.07; tabtouch:2.07; bovada:2.05; pinnacle:2.01; coolbet:1.98; codere_it:1.97; betsson:1.95; nordicbet:1.95; betmgm:1.95; williamhill:1.95; tipico_de:1.87,0.00018,17,0.015787,0.014157,0.0002,17,0.016585,0.015661,0-1,Fallido,-1.0,9
Málaga vs Almería,2025-12-21 08:00:00,La Liga 2,Goles (Over/Under),Over 2.5,2.0,pinnacle,17,1.7354,0.0382,2.36,2.91,1.9618,pinnacle:2.0; casumo:2.0; grosvenor:2.0; tabtouch:2.0; unibet:2.0; unibet_nl:2.0; leovegas:2.0; unibet_se:2.0; coolbet:1.98; leovegas_se:1.97; williamhill:1.95; bovada:1.95; betmgm:1.95; betsson:1.9; codere_it:1.9; nordicbet:1.9; tipico_de:1.85,0.00011,17,0.012332,0.010317,0.000128,17,0.013306,0.012356,2-1,Acertado,1.0,8
PAOK Thessaloniki vs Panathinaikos,2025-12-21 12:30:00,Super League,Goles (Over/Under),Over 2.5,2.12,bovada,16,0.7541,0.07,1.74,4.31,2.05,bovada:2.12; coolbet:2.08; nordicbet:2.07; betsson:2.07; leovegas_se:2.06; unibet:2.06; unibet_nl:2.06; leovegas:2.06; unibet_se:2.06; tabtouch:2.06; casumo:2.06; grosvenor:2.06; codere_it:2.01; williamhill:2.0; betmgm:2.0; tipico_de:1.97,5.3e-05,16,0.008595,0.006664,3.3e-05,16,0.006745,0.006146,2-0,Fallido,-1.0,4
Real Sociedad B vs AD Ceuta FC,2025-12-21 10:15:00,La Liga 2,Goles (Over/Under),Over 2.5,2.25,unibet,13,-0.0094,0.0277,1.54,8.55,2.2223,unibet:2.25; unibet_se:2.25; casumo:2.25; tabtouch:2.25; grosvenor:2.25; leovegas:2.25; williamhill:2.25; leovegas_se:2.23; tipico_de:2.2; betmgm:2.2; nordicbet:2.18; betsson:2.18; codere_it:2.15,3.6e-05,13,0.007017,0.006336,3.2e-05,13,0.006518,0.006086,1-3,Acertado,1.25,4
Royal Antwerp vs Anderlecht,2025-12-21 12:30:00,Belgium First Div,Goles (Over/Under),Over 2.5,1.99,pinnacle,16,0.9971,0.0456,1.69,3.44,1.9444,pinnacle:1.99; unibet:1.98; unibet_nl:1.97; casumo:1.97; grosvenor:1.97; unibet_se:1.97; tabtouch:1.96; williamhill:1.95; bovada:1.95; nordicbet:1.94; betsson:1.94; leovegas:1.93; leovegas_se:1.93; tipico_de:1.9; coolbet:1.89; betmgm:1.87,5.6e-05,16,0.008797,0.007026,3.9e-05,16,0.00734,0.006858,2-2,Acertado,0.99,5
SC Preußen Münster vs Elversberg,2025-12-21 07:30:00,Bundesliga 2,Goles (Over/Under),Under 2.5,2.18,bovada,15,0.7,0.1127,2.07,4.7,2.0673,bovada:2.18; tipico_de:2.15; williamhill:2.1; betsson:2.08; nordicbet:2.08; codere_it:2.05; betmgm:2.05; unibet:2.04; leovegas_se:2.04; leovegas:2.04; unibet_nl:2.04; tabtouch:2.04; casumo:2.04; unibet_se:2.04; grosvenor:2.04,6.8e-05,15,0.009708,0.007736,1.7e-05,15,0.004817,0.003883,1-1,Acertado,1.1800000000000002,2
Sassuolo vs Torino,2025-12-21 09:00:00,Serie A,Goles (Over/Under),Over 2.5,2.23,leovegas_se,14,0.2776,0.0471,1.71,5.08,2.1829,leovegas_se:2.23; coolbet:2.23; tipico_de:2.2; unibet_nl:2.2; tabtouch:2.2; unibet_se:2.2; casumo:2.2; grosvenor:2.2; betsson:2.18; nordicbet:2.18; leovegas:2.18; williamhill:2.15; codere_it:2.11; betmgm:2.1,4.6e-05,14,0.007977,0.005983,1.2e-05,14,0.004039,0.003404,0-1,Fallido,-1.0,1
Sint Truiden vs KV Mechelen,2025-12-21 10:00:00,Belgium First Div,Goles (Over/Under),Under 2.5,2.2,unibet,13,0.0886,0.0223,1.24,6.43,2.1777,unibet:2.2; unibet_se:2.2; unibet_nl:2.2; grosvenor:2.2; casumo:2.2; tipico_de:2.2; betmgm:2.2; tabtouch:2.18; leovegas_se:2.16; leovegas:2.16; williamhill:2.15; nordicbet:2.13; betsson:2.13,2.4e-05,13,0.005729,0.005176,2.3e-05,13,0.005567,0.004369,1-0,Acertado,1.2000000000000002,3
TSG Hoffenheim II vs Wehen Wiesbaden,2025-12-21 10:30:00,3. Liga,Goles (Over/Under),Under 2.5,2.4,tipico_de,11,0.6052,0.2591,6.39,6.18,2.1409,tipico_de:2.4; betsson:2.3; nordicbet:2.3; codere_it:2.27; casumo:2.04; leovegas_se:2.04; leovegas:2.04; grosvenor:2.04; tabtouch:2.04; unibet_se:2.04; unibet:2.04,0.000597,11,0.028661,0.027077,0.000289,11,0.019756,0.018811,3-1,Fallido,-1.0,9
TSV Havelse vs Alemannia Aachen,2025-12-21 07:30:00,3. Liga,Goles (Over/Under),Under 2.5,2.3,tipico_de,12,0.7057,0.3117,7.19,5.98,1.9883,tipico_de:2.3; nordicbet:2.15; betsson:2.15; codere_it:2.13; unibet:1.9; leovegas_se:1.89; unibet_nl:1.89; casumo:1.89; leovegas:1.89; unibet_se:1.89; tabtouch:1.89; grosvenor:1.89,0.000837,12,0.034024,0.031168,0.00042,12,0.023989,0.022132,1-1,Acertado,1.2999999999999998,9
Tondela vs Casa Pia,2025-12-21 13:00:00,Primeira Liga,Goles (Over/Under),Over 2.5,2.33,unibet,13,-0.0777,0.0515,2.88,9.14,2.2785,unibet:2.33; unibet_se:2.33; grosvenor:2.33; tabtouch:2.33; unibet_nl:2.33; leovegas_se:2.33; casumo:2.33; leovegas:2.32; nordicbet:2.22; betsson:2.22; tipico_de:2.2; williamhill:2.2; betmgm:2.15,0.000122,13,0.012904,0.012121,0.000183,13,0.01566,0.015128,1-2,Acertado,1.33,8
Villarreal vs Barcelona,2025-12-21 10:15:00,La Liga,Goles (Over/Under),Under 3.5,2.25,leovegas_se,13,0.1458,0.0662,2.86,5.42,2.1838,leovegas_se:2.25; casumo:2.23; unibet_se:2.23; unibet:2.23; tabtouch:2.23; grosvenor:2.23; unibet_nl:2.23; leovegas:2.2; codere_it:2.17; betsson:2.12; nordicbet:2.12; tipico_de:2.1; betmgm:2.05,0.000131,13,0.013435,0.01181,9.6e-05,13,0.011424,0.010931,0-2,Acertado,1.25,7
Virtus Entella vs Südtirol,2025-12-21 09:00:00,Serie B,Goles (Over/Under),Over 2.5,2.23,unibet,14,-0.0615,0.0121,0.64,8.95,2.2179,unibet:2.23; grosvenor:2.23; leovegas:2.23; tabtouch:2.23; casumo:2.23; leovegas_se:2.23; unibet_nl:2.23; unibet_se:2.23; codere_it:2.21; betsson:2.2; nordicbet:2.2; betmgm:2.2; tipico_de:2.2; williamhill:2.2,6e-06,14,0.0029,0.002827,2.3e-05,14,0.005527,0.00502,1-1,Fallido,-1.0,3
