Partido,Fecha_Hora_Colombia,Mercado,Mejor_Cuota,Cuota_Promedio_Mercado,BDI_jsd_fair,BDI_n_bookmakers_fair,BDI_std_p_fair,BDI_mad_p_fair,BDI_jsd,BDI_n_bookmakers,BDI_std_p,BDI_mad_p,Mejor_Casa,Num_Casas,Diferencia_Cuota_Promedio,Volatilidad_Pct,Margen_Casa_Pct,Liga,Tipo_Mercado,Snapshot_Date,Todas_Las_Cuotas,Score,Total_Goles,Acerto
Grimsby Town vs Newport County,2025-03-22 10:00:00,Over 2.5,1.72,1.64,0.0001210264688386,10,0.0154000219775018,0.013766713345644,0.0002410768770084,10,0.0214085587792352,0.0200942227590691,nordicbet,10,0.08,0.0576,8.39,League Two,Goles (Over/Under),2025-03-21,nordicbet:1.7200; betsson:1.7200; onexbet:1.6800; playup:1.6800; williamhill:1.6700; tipico_de:1.6200; matchbook:1.5900; unibet:1.5800; betrivers:1.5700; unibet_eu:1.5700,1-0,1,No
Grimsby Town vs Newport County,2025-03-22 10:00:00,Under 2.5,2.25,2.146,0.0001210264688386,10,0.0154000219775018,0.0137667133456441,0.00015832447373,10,0.0177535668553341,0.0139386574117553,betrivers,10,0.104,0.0809,8.14,League Two,Goles (Over/Under),2025-03-21,betrivers:2.2500; unibet_eu:2.2500; unibet:2.2500; williamhill:2.1500; tipico_de:2.1500; onexbet:2.1400; nordicbet:2.1000; betsson:2.1000; playup:2.0800; matchbook:1.9900,1-0,1,Sí
Chesterfield FC vs Harrogate Town,2025-03-22 10:00:00,Over 2.5,2.16,2.0836,0.0001148008469025,11,0.0150767086799603,0.0128879141497761,0.0001545651364674,11,0.0175706170312451,0.01564661283565,matchbook,11,0.0764,0.0746,8.8,League Two,Goles (Over/Under),2025-03-21,matchbook:2.1600; williamhill:2.1500; nordicbet:2.1500; betsson:2.1500; onexbet:2.1400; playup:2.1200; coolbet:2.0800; tipico_de:2.0500; unibet:1.9800; betrivers:1.9700; unibet_eu:1.9700,0-0,0,No
Chesterfield FC vs Harrogate Town,2025-03-22 10:00:00,Under 2.5,1.75,1.6873,0.0001148008469025,11,0.0150767086799603,0.0128879141497761,0.0001336013591923,11,0.0160465623072565,0.0127091655100295,betrivers,11,0.0627,0.0455,7.9,League Two,Goles (Over/Under),2025-03-21,betrivers:1.7500; unibet_eu:1.7500; unibet:1.7500; coolbet:1.7000; onexbet:1.6800; nordicbet:1.6800; betsson:1.6800; tipico_de:1.6700; williamhill:1.6500; playup:1.6500; matchbook:1.6000,0-0,0,Sí
Málaga vs Racing de Ferrol,2025-03-22 12:30:00,Over 2.5,2.65,2.55,0.000111117973412,4,0.0143380924866623,0.014239534413585,0.000124379410111,4,0.0154023873700423,0.0154023873700423,unibet,4,0.1,0.1,8.16,La Liga 2,Goles (Over/Under),2025-03-21,unibet:2.6500; unibet_eu:2.6500; tipico_de:2.4500; williamhill:2.4500,2-0,2,No
Málaga vs Racing de Ferrol,2025-03-22 12:30:00,Under 2.5,1.5,1.4525,0.000111117973412,4,0.0143380924866623,0.014239534413585,0.0001509776941568,4,0.0161127540474809,0.015377982178787,williamhill,4,0.0475,0.0342,7.48,La Liga 2,Goles (Over/Under),2025-03-21,williamhill:1.5000; tipico_de:1.4700; unibet:1.4200; unibet_eu:1.4200,2-0,2,Sí
FC Cincinnati vs Atlanta United FC,2025-03-22 13:40:00,Over 3.5,2.6,2.51,0.0001013878112182,4,0.0138231669377411,0.0119712137288369,0.0003691586798971,4,0.0267658950345465,0.023179945054945,unibet,4,0.09,0.1559,6.49,MLS,Goles (Over/Under),2025-03-21,unibet:2.6000; betrivers:2.6000; unibet_eu:2.6000; matchbook:2.2400,2-2,4,Sí
FC Cincinnati vs Atlanta United FC,2025-03-22 13:40:00,Under 3.5,1.49,1.485,0.0001013878112182,4,0.0138231669377412,0.011971213728837,8.918350420837162e-06,4,0.0039539122667416,0.0034241884673332,unibet,4,0.005,0.0087,11.76,MLS,Goles (Over/Under),2025-03-21,unibet:1.4900; betrivers:1.4900; unibet_eu:1.4900; matchbook:1.4700,2-2,4,No
Cheltenham Town vs Milton Keynes Dons,2025-03-22 10:00:00,Under 2.5,1.9,1.8444,8.094667411788812e-05,16,0.0127189852120693,0.0103342197200693,7.706963830111683e-05,16,0.0123577893223996,0.0100391263501306,unibet,16,0.0556,0.0414,7.58,League Two,Goles (Over/Under),2025-03-21,unibet:1.9000; betrivers:1.8900; unibet_eu:1.8900; pinnacle:1.8800; betus:1.8800; matchbook:1.8800; onexbet:1.8500; nordicbet:1.8500; betsson:1.8500; tipico_de:1.8300; betonlineag:1.8300; lowvig:1.8300; bovada:1.8200; playup:1.8000; coolbet:1.7800; williamhill:1.7500,0-1,1,Sí
Cheltenham Town vs Milton Keynes Dons,2025-03-22 10:00:00,Over 2.5,2.01,1.9206,8.094667411788812e-05,16,0.0127189852120693,0.0103342197200693,0.0001585454029153,16,0.0177796349902896,0.0149541798420813,betonlineag,16,0.0894,0.0648,6.89,League Two,Goles (Over/Under),2025-03-21,betonlineag:2.0100; lowvig:2.0100; williamhill:2.0000; coolbet:1.9700; matchbook:1.9700; nordicbet:1.9500; betsson:1.9500; pinnacle:1.9300; bovada:1.9300; onexbet:1.9200; playup:1.9100; betus:1.8700; tipico_de:1.8500; betrivers:1.8200; unibet_eu:1.8200; unibet:1.8200,0-1,1,No
Swindon Town vs Accrington Stanley,2025-03-22 10:00:00,Over 2.5,2.03,1.9181,7.525511196657678e-05,16,0.0122640409449364,0.0098889326075544,0.0001625961039888,16,0.0180070818298589,0.0149664572124539,lowvig,16,0.1119,0.0661,6.4,League Two,Goles (Over/Under),2025-03-21,lowvig:2.0300; betonlineag:2.0300; matchbook:1.9900; williamhill:1.9500; nordicbet:1.9500; betsson:1.9500; pinnacle:1.9400; onexbet:1.9300; bovada:1.9300; playup:1.9100; coolbet:1.8900; betus:1.8800; tipico_de:1.8500; betrivers:1.8200; unibet_eu:1.8200; unibet:1.8200,0-0,0,No
Swindon Town vs Accrington Stanley,2025-03-22 10:00:00,Under 2.5,1.9,1.8419,7.525511196657678e-05,16,0.0122640409449364,0.0098889326075544,6.368891118169421e-05,16,0.0112338653959266,0.0090278322607187,unibet,16,0.0581,0.0376,7.58,League Two,Goles (Over/Under),2025-03-21,unibet:1.9000; betrivers:1.8900; unibet_eu:1.8900; matchbook:1.8700; pinnacle:1.8600; betus:1.8600; nordicbet:1.8500; betsson:1.8500; coolbet:1.8500; onexbet:1.8300; tipico_de:1.8300; bovada:1.8200; lowvig:1.8100; betonlineag:1.8100; playup:1.8000; williamhill:1.7500,0-0,0,Sí
Nashville SC vs CF Montreal,2025-03-22 19:30:00,Under 2.5,2.16,2.0856,6.915832102267825e-05,9,0.0117028679130609,0.0104783742322482,7.519071641175697e-05,9,0.0122481414928663,0.0112283723561076,betrivers,9,0.0744,0.054,5.82,MLS,Goles (Over/Under),2025-03-21,betrivers:2.1600; unibet_eu:2.1600; unibet:2.1600; mybookieag:2.0700; onexbet:2.0500; betsson:2.0500; nordicbet:2.0500; williamhill:2.0500; playup:2.0200,3-0,3,No
Nashville SC vs CF Montreal,2025-03-22 19:30:00,Over 2.5,1.78,1.7244,6.915832102267825e-05,9,0.0117028679130608,0.0104783742322482,0.0001022104213243,9,0.0141172535968389,0.0135496383581093,betsson,9,0.0556,0.0422,5.68,MLS,Goles (Over/Under),2025-03-21,betsson:1.7800; nordicbet:1.7800; onexbet:1.7700; playup:1.7500; mybookieag:1.7000; williamhill:1.7000; betrivers:1.6800; unibet_eu:1.6800; unibet:1.6800,3-0,3,Sí
New York Red Bulls vs Toronto FC,2025-03-22 18:30:00,Over 2.5,1.91,1.854,6.405991484681803e-05,15,0.0113165842638175,0.0098250528996196,5.701887602121133e-05,15,0.0106492363264376,0.0095705434084369,williamhill,15,0.056,0.037,6.41,MLS,Goles (Over/Under),2025-03-21,williamhill:1.9100; unibet:1.9100; betrivers:1.9100; unibet_eu:1.9100; matchbook:1.8800; onexbet:1.8400; coolbet:1.8400; bovada:1.8300; nordicbet:1.8300; betsson:1.8300; betus:1.8300; pinnacle:1.8300; mybookieag:1.8300; betanysports:1.8300; playup:1.8000,2-1,3,Sí
New York Red Bulls vs Toronto FC,2025-03-22 18:30:00,Under 2.5,2.02,1.9447,6.405991484681803e-05,15,0.0113165842638176,0.0098250528996196,0.0001161482168194,15,0.0152286478231372,0.013853886264058,matchbook,15,0.0753,0.0569,5.06,MLS,Goles (Over/Under),2025-03-21,matchbook:2.0200; pinnacle:2.0100; bovada:2.0000; betanysports:2.0000; nordicbet:1.9800; betsson:1.9800; coolbet:1.9800; onexbet:1.9700; playup:1.9500; betus:1.9100; mybookieag:1.9100; unibet:1.8700; betrivers:1.8700; unibet_eu:1.8700; williamhill:1.8500,2-1,3,No
Wimbledon vs Barrow,2025-03-22 10:00:00,Over 2.5,2.62,2.5033,5.798649369332071e-05,6,0.0104048584467414,0.0088404172018412,0.0001548774910265,6,0.0173034572732326,0.0141935300505864,williamhill,6,0.1167,0.1035,7.61,League Two,Goles (Over/Under),2025-03-21,williamhill:2.6200; betrivers:2.5500; unibet_eu:2.5500; unibet:2.5500; tipico_de:2.4500; matchbook:2.3000,2-2,4,Sí
Wimbledon vs Barrow,2025-03-22 10:00:00,Under 2.5,1.47,1.4533,5.798649369332071e-05,6,0.0104048584467414,0.0088404172018412,1.1514659896311074e-05,6,0.0044501471342281,0.0036669700333465,tipico_de,6,0.0167,0.0094,11.51,League Two,Goles (Over/Under),2025-03-21,tipico_de:1.4700; unibet:1.4600; betrivers:1.4500; unibet_eu:1.4500; matchbook:1.4500; williamhill:1.4400,2-2,4,No
Lincoln City vs Exeter City,2025-03-22 10:00:00,Under 2.25,1.88,1.846,5.487054305869975e-05,5,0.0104707530678714,0.0093354367201426,3.363135410117133e-05,5,0.0081742373425459,0.0079367208770766,pinnacle,5,0.034,0.028,6.67,League One,Goles (Over/Under),2025-03-21,pinnacle:1.8800; betus:1.8800; bovada:1.8300; lowvig:1.8200; betonlineag:1.8200,1-1,2,Sí
Lincoln City vs Exeter City,2025-03-22 10:00:00,Over 2.25,2.02,1.956,5.487054305869975e-05,5,0.0104707530678713,0.0093354367201425,0.0001230538168504,5,0.0156787200100249,0.013948201605702,lowvig,5,0.064,0.0595,4.45,League One,Goles (Over/Under),2025-03-21,lowvig:2.0200; betonlineag:2.0200; pinnacle:1.9600; bovada:1.9100; betus:1.8700,1-1,2,No
Bradford City vs Colchester United,2025-03-22 10:00:00,Under 2.0,1.76,1.75,5.210228038851942e-05,4,0.0101706857428171,0.0100850641313366,5.442666426515677e-06,4,0.0032654127481713,0.0032654127481713,bovada,4,0.01,0.01,7.07,League Two,Goles (Over/Under),2025-03-21,bovada:1.7600; coolbet:1.7600; lowvig:1.7400; betonlineag:1.7400,1-1,2,No
Bradford City vs Colchester United,2025-03-22 10:00:00,Over 2.0,2.15,2.0775,5.210228038851942e-05,4,0.010170685742817,0.0100850641313365,0.000145376452018,4,0.0170379307203391,0.0168323774062576,lowvig,4,0.0725,0.0733,3.98,League Two,Goles (Over/Under),2025-03-21,lowvig:2.1500; betonlineag:2.1500; bovada:2.0200; coolbet:1.9900,1-1,2,No
Sporting Kansas City vs Los Angeles FC,2025-03-22 19:30:00,Over 2.5,1.85,1.8082,4.480682371538662e-05,17,0.0094505075367581,0.0073463006408108,8.043520062387157e-05,17,0.0125956172520512,0.010950143458638,betsson,17,0.0418,0.0405,6.41,MLS,Goles (Over/Under),2025-03-21,betsson:1.8500; nordicbet:1.8500; pinnacle:1.8500; matchbook:1.8500; onexbet:1.8300; betus:1.8300; lowvig:1.8300; betonlineag:1.8300; betanysports:1.8300; bovada:1.8200; playup:1.8200; coolbet:1.8000; mybookieag:1.7800; williamhill:1.7500; betrivers:1.7400; unibet_eu:1.7400; unibet:1.7400,0-2,2,No
Sporting Kansas City vs Los Angeles FC,2025-03-22 19:30:00,Under 2.5,2.06,1.9941,4.480682371538662e-05,17,0.0094505075367581,0.0073463006408108,5.884923525409515e-05,17,0.0108470351907512,0.0088973621218054,betrivers,17,0.0659,0.043,6.01,MLS,Goles (Over/Under),2025-03-21,betrivers:2.0600; unibet_eu:2.0600; unibet:2.0600; bovada:2.0200; coolbet:2.0200; matchbook:2.0200; pinnacle:2.0000; lowvig:2.0000; betonlineag:2.0000; betanysports:2.0000; onexbet:1.9800; mybookieag:1.9700; betsson:1.9600; nordicbet:1.9600; williamhill:1.9500; playup:1.9300; betus:1.9100,0-2,2,Sí
Granada CF vs Oviedo,2025-03-22 15:00:00,Under 2.5,1.45,1.4325,4.1322025249499535e-05,4,0.0087140632335099,0.0086955358271942,2.3656791321121224e-05,4,0.0063188691093027,0.0060877718417786,tipico_de,4,0.0175,0.013,8.97,La Liga 2,Goles (Over/Under),2025-03-21,tipico_de:1.4500; williamhill:1.4400; unibet:1.4200; unibet_eu:1.4200,1-0,1,Sí
Granada CF vs Oviedo,2025-03-22 15:00:00,Over 2.5,2.65,2.575,4.1322025249499535e-05,4,0.0087140632335099,0.0086955358271942,6.743461431605409e-05,4,0.0113207547169811,0.0113207547169811,unibet,4,0.075,0.075,8.16,La Liga 2,Goles (Over/Under),2025-03-21,unibet:2.6500; unibet_eu:2.6500; tipico_de:2.5000; williamhill:2.5000,1-0,1,No
Crawley Town vs Bristol Rovers,2025-03-22 10:00:00,Under 2.5,2.02,1.962,3.818447354956074e-05,15,0.0087308443364208,0.0073443964949864,5.573099625484058e-05,15,0.0105532314737991,0.0088724925173587,betonlineag,15,0.058,0.0404,6.65,League One,Goles (Over/Under),2025-03-21,betonlineag:2.0200; lowvig:2.0200; unibet_eu:2.0000; betrivers:2.0000; unibet:2.0000; matchbook:1.9800; pinnacle:1.9700; onexbet:1.9600; bovada:1.9500; nordicbet:1.9500; coolbet:1.9400; tipico_de:1.9300; playup:1.9200; williamhill:1.9100; betus:1.8800,1-0,1,Sí
Crawley Town vs Bristol Rovers,2025-03-22 10:00:00,Over 2.5,1.86,1.8093,3.818447354956074e-05,15,0.0087308443364208,0.0073443964949865,7.745797056654522e-05,15,0.0123669169219118,0.0105391352185089,pinnacle,15,0.0507,0.0401,6.95,League One,Goles (Over/Under),2025-03-21,pinnacle:1.8600; betus:1.8600; matchbook:1.8600; onexbet:1.8400; williamhill:1.8300; nordicbet:1.8300; playup:1.8200; betonlineag:1.8200; lowvig:1.8200; bovada:1.8000; coolbet:1.8000; tipico_de:1.7500; unibet_eu:1.7500; betrivers:1.7500; unibet:1.7500,1-0,1,No
Real Salt Lake vs FC Dallas,2025-03-22 20:40:00,Under 2.5,2.23,2.171,3.538674496841006e-05,10,0.0083372220650851,0.0073347757574086,5.299499435581069e-05,10,0.0102617572290938,0.009528647942066,betrivers,10,0.059,0.0485,5.82,MLS,Goles (Over/Under),2025-03-21,betrivers:2.2300; unibet:2.2300; unibet_eu:2.2300; matchbook:2.2200; betsson:2.1500; nordicbet:2.1500; williamhill:2.1500; onexbet:2.1300; mybookieag:2.1200; playup:2.1000,0-1,1,Sí
Real Salt Lake vs FC Dallas,2025-03-22 20:40:00,Over 2.5,1.73,1.678,3.538674496841006e-05,10,0.0083372220650851,0.0073347757574086,5.984641655722337e-05,10,0.0107361886509766,0.0092334395910347,matchbook,10,0.052,0.0303,5.42,MLS,Goles (Over/Under),2025-03-21,matchbook:1.7300; onexbet:1.7100; betsson:1.7000; nordicbet:1.7000; playup:1.6800; mybookieag:1.6700; williamhill:1.6700; betrivers:1.6400; unibet:1.6400; unibet_eu:1.6400,0-1,1,No
Port Vale vs Morecambe,2025-03-22 10:00:00,Under 2.5,1.7,1.6582,3.4482920752844635e-05,11,0.0082454679445,0.00646179300708,4.373062532845297e-05,11,0.0091489099717996,0.0066821666641234,williamhill,11,0.0418,0.0252,9.84,League Two,Goles (Over/Under),2025-03-21,williamhill:1.7000; coolbet:1.7000; onexbet:1.6700; betrivers:1.6600; unibet_eu:1.6600; unibet:1.6600; tipico_de:1.6500; nordicbet:1.6500; betsson:1.6500; playup:1.6300; matchbook:1.6100,1-0,1,Sí
Port Vale vs Morecambe,2025-03-22 10:00:00,Over 2.5,2.2,2.1145,3.4482920752844635e-05,11,0.0082454679445,0.00646179300708,0.0001148621665335,11,0.0151398316444838,0.0111689703058323,nordicbet,11,0.0855,0.0657,7.57,League Two,Goles (Over/Under),2025-03-21,nordicbet:2.2000; betsson:2.2000; onexbet:2.1600; playup:2.1500; betrivers:2.1200; unibet_eu:2.1200; unibet:2.1200; tipico_de:2.1000; coolbet:2.0800; williamhill:2.0500; matchbook:1.9600,1-0,1,No
Notts County vs Crewe Alexandra,2025-03-22 07:30:00,Under 2.5,2.02,1.9269,3.400258962051883e-05,16,0.0082437533172718,0.0062543180618237,8.27274050562115e-05,16,0.0128516645075212,0.0100980775011578,betonlineag,16,0.0931,0.0481,5.06,League Two,Goles (Over/Under),2025-03-21,betonlineag:2.0200; lowvig:2.0200; pinnacle:1.9600; matchbook:1.9600; nordicbet:1.9500; betsson:1.9500; onexbet:1.9300; unibet_eu:1.9200; betrivers:1.9200; unibet:1.9200; playup:1.9100; bovada:1.8900; betus:1.8900; coolbet:1.8900; williamhill:1.8500; tipico_de:1.8500,0-0,0,Sí
Notts County vs Crewe Alexandra,2025-03-22 07:30:00,Over 2.5,1.91,1.8356,3.400258962051883e-05,16,0.0082437533172718,0.0062543180618236,3.001902384128713e-05,16,0.0077220029096888,0.0059120075183678,williamhill,16,0.0744,0.0265,6.41,League Two,Goles (Over/Under),2025-03-21,williamhill:1.9100; matchbook:1.8700; bovada:1.8500; betus:1.8500; coolbet:1.8500; pinnacle:1.8400; onexbet:1.8400; tipico_de:1.8300; nordicbet:1.8300; betsson:1.8300; betonlineag:1.8200; lowvig:1.8200; unibet_eu:1.8100; betrivers:1.8100; unibet:1.8100; playup:1.8000,0-0,0,No
Northampton Town vs Blackpool,2025-03-22 10:00:00,Over 2.5,2.11,2.0373,3.043893769465375e-05,11,0.0077743248097646,0.0076629896403355,7.554879024582853e-05,11,0.0122883308939745,0.0110746748087051,onexbet,11,0.0727,0.051,7.27,League One,Goles (Over/Under),2025-03-21,onexbet:2.1100; betsson:2.1000; nordicbet:2.1000; playup:2.0800; tipico_de:2.0500; coolbet:2.0200; williamhill:2.0000; unibet_eu:2.0000; betrivers:2.0000; unibet:2.0000; matchbook:1.9500,0-2,2,No
Northampton Town vs Blackpool,2025-03-22 10:00:00,Under 2.5,1.75,1.7236,3.043893769465375e-05,11,0.0077743248097646,0.0076629896403355,2.9796471483023227e-05,11,0.0076074794849137,0.0060524481111362,williamhill,11,0.0264,0.0223,8.42,League One,Goles (Over/Under),2025-03-21,williamhill:1.7500; unibet_eu:1.7400; betrivers:1.7400; unibet:1.7400; coolbet:1.7400; onexbet:1.7300; betsson:1.7200; nordicbet:1.7200; matchbook:1.7100; playup:1.7000; tipico_de:1.6700,0-2,2,Sí
Bradford City vs Colchester United,2025-03-22 10:00:00,Under 1.5,2.35,2.306,3.036801400579837e-05,5,0.0076511306363178,0.0055894524591952,5.979673218905315e-05,5,0.0108563142390009,0.0085989945149124,tipico_de,5,0.044,0.0561,8.34,League Two,Goles (Over/Under),2025-03-21,tipico_de:2.3500; nordicbet:2.3500; onexbet:2.3300; playup:2.3000; matchbook:2.2000,1-1,2,No
Bradford City vs Colchester United,2025-03-22 10:00:00,Over 1.5,1.58,1.558,3.036801400579837e-05,5,0.0076511306363178,0.0055894524591952,4.333502823463159e-05,5,0.0089037962414582,0.0076459676837591,onexbet,5,0.022,0.0214,8.75,League Two,Goles (Over/Under),2025-03-21,onexbet:1.5800; nordicbet:1.5700; matchbook:1.5700; playup:1.5500; tipico_de:1.5200,1-1,2,Sí
Wimbledon vs Barrow,2025-03-22 10:00:00,Over 2.0,1.92,1.8967,3.0219693915248785e-05,6,0.0077737402859477,0.0070763512790496,7.255066875539748e-06,6,0.0038039618466407,0.0033810439337527,coolbet,6,0.0233,0.0137,7.03,League Two,Goles (Over/Under),2025-03-21,coolbet:1.9200; bovada:1.9100; betus:1.8900; betonlineag:1.8900; lowvig:1.8900; pinnacle:1.8800,2-2,4,Sí
Wimbledon vs Barrow,2025-03-22 10:00:00,Under 2.0,1.93,1.8833,3.0219693915248785e-05,6,0.0077737402859477,0.0070763512790496,8.598945511526615e-05,6,0.0130835422658006,0.0122592052976443,betonlineag,6,0.0467,0.0461,5.0,League Two,Goles (Over/Under),2025-03-21,betonlineag:1.9300; lowvig:1.9300; pinnacle:1.9200; betus:1.8700; bovada:1.8300; coolbet:1.8200,2-2,4,No
Barnsley vs Cambridge United,2025-03-22 10:00:00,Over 2.5,1.74,1.7073,3.0006306798574705e-05,11,0.007720678902058,0.0058876831517451,2.657559437253945e-05,11,0.0071817522194552,0.0064572662355298,onexbet,11,0.0327,0.0209,9.55,League One,Goles (Over/Under),2025-03-21,onexbet:1.7400; williamhill:1.7300; matchbook:1.7300; betsson:1.7200; nordicbet:1.7200; tipico_de:1.7000; coolbet:1.7000; playup:1.7000; unibet_eu:1.6800; betrivers:1.6800; unibet:1.6800,1-1,2,No
Barnsley vs Cambridge United,2025-03-22 10:00:00,Under 2.5,2.1,2.06,3.0006306798574705e-05,11,0.007720678902058,0.0058876831517451,8.176282490322844e-05,11,0.0127847507977145,0.009339135104314,betsson,11,0.04,0.0517,7.14,League One,Goles (Over/Under),2025-03-21,betsson:2.1000; nordicbet:2.1000; onexbet:2.0900; unibet_eu:2.0800; betrivers:2.0800; unibet:2.0800; coolbet:2.0800; playup:2.0800; williamhill:2.0500; tipico_de:2.0000; matchbook:1.9200,1-1,2,Sí
Orlando City SC vs D.C. United,2025-03-22 18:30:00,Over 2.5,1.64,1.601,2.9853260584876472e-05,10,0.0076017122928956,0.0068704617004485,7.006804171112343e-05,10,0.0114674943019594,0.0105553942414453,onexbet,10,0.039,0.0295,5.82,MLS,Goles (Over/Under),2025-03-21,onexbet:1.6400; matchbook:1.6400; nordicbet:1.6300; betsson:1.6300; playup:1.6000; mybookieag:1.5900; williamhill:1.5700; betrivers:1.5700; unibet:1.5700; unibet_eu:1.5700,1-1,2,No
Orlando City SC vs D.C. United,2025-03-22 18:30:00,Under 2.5,2.4,2.309,2.9853260584876472e-05,10,0.0076017122928956,0.0068704617004485,4.591529875018635e-05,10,0.0094955534017076,0.0079845618311889,matchbook,10,0.091,0.0507,5.36,MLS,Goles (Over/Under),2025-03-21,matchbook:2.4000; betrivers:2.3500; unibet:2.3500; unibet_eu:2.3500; nordicbet:2.3000; betsson:2.3000; williamhill:2.3000; mybookieag:2.2600; playup:2.2500; onexbet:2.2300,1-1,2,Sí
Fleetwood Town vs Tranmere Rovers,2025-03-22 10:00:00,Over 2.5,2.14,2.0618,2.903338052473184e-05,11,0.0075736785886795,0.0051873597684232,4.0546481933113535e-05,11,0.0089991758734874,0.0077398068532206,matchbook,11,0.0782,0.0386,8.46,League Two,Goles (Over/Under),2025-03-21,matchbook:2.1400; nordicbet:2.1000; betsson:2.1000; onexbet:2.0900; williamhill:2.0500; playup:2.0500; betrivers:2.0400; unibet_eu:2.0400; unibet:2.0400; coolbet:2.0300; tipico_de:2.0000,0-0,0,No
Fleetwood Town vs Tranmere Rovers,2025-03-22 10:00:00,Under 2.5,1.73,1.7009,2.903338052473184e-05,11,0.0075736785886795,0.0051873597684232,5.381436881084988e-05,11,0.010169428248713,0.0066598640233803,coolbet,11,0.0291,0.0284,7.8,League Two,Goles (Over/Under),2025-03-21,coolbet:1.7300; nordicbet:1.7200; betsson:1.7200; onexbet:1.7100; betrivers:1.7100; unibet_eu:1.7100; unibet:1.7100; williamhill:1.7000; tipico_de:1.7000; playup:1.6800; matchbook:1.6200,0-0,0,Sí
Grimsby Town vs Newport County,2025-03-22 10:00:00,Over 2.75,1.89,1.858,2.69346496791474e-05,5,0.0073385163216798,0.0067479846547414,2.613938721586092e-05,5,0.0072079706218501,0.0062413594328487,betus,5,0.032,0.0248,6.39,League Two,Goles (Over/Under),2025-03-21,betus:1.8900; pinnacle:1.8800; lowvig:1.8500; betonlineag:1.8500; bovada:1.8200,1-0,1,No
Grimsby Town vs Newport County,2025-03-22 10:00:00,Under 2.75,1.97,1.932,2.69346496791474e-05,5,0.0073385163216797,0.0067479846547414,5.053958167263448e-05,5,0.0100442331139354,0.0081415627286562,lowvig,5,0.038,0.0371,5.71,League Two,Goles (Over/Under),2025-03-21,lowvig:1.9700; betonlineag:1.9700; bovada:1.9300; pinnacle:1.9200; betus:1.8700,1-0,1,Sí
Columbus Crew SC vs New York City FC,2025-03-22 18:40:00,Under 2.75,1.88,1.8333,2.660771623155172e-05,6,0.0072900142919221,0.0067390083060679,1.9560651562209066e-05,6,0.0062338987945246,0.0045374086183293,pinnacle,6,0.0467,0.0213,5.55,MLS,Goles (Over/Under),2025-03-21,pinnacle:1.8800; bovada:1.8300; betus:1.8300; lowvig:1.8200; betonlineag:1.8200; betanysports:1.8200,0-0,0,Sí
Columbus Crew SC vs New York City FC,2025-03-22 18:40:00,Over 2.75,2.02,1.9867,2.660771623155172e-05,6,0.007290014291922,0.0067390083060678,5.967234590471964e-05,6,0.0109218426340414,0.0097347699597453,lowvig,6,0.0333,0.0423,4.45,MLS,Goles (Over/Under),2025-03-21,lowvig:2.0200; betonlineag:2.0200; betanysports:2.0200; bovada:2.0000; pinnacle:1.9500; betus:1.9100,0-0,0,No
Fleetwood Town vs Tranmere Rovers,2025-03-22 10:00:00,Over 2.25,1.87,1.846,2.6459937505986805e-05,5,0.0072727743408761,0.0060866694150519,1.3201596290889462e-05,5,0.0051201343789719,0.0044506273365278,betus,5,0.024,0.0174,6.95,League Two,Goles (Over/Under),2025-03-21,betus:1.8700; pinnacle:1.8600; betonlineag:1.8400; lowvig:1.8400; bovada:1.8200,0-0,0,No
Fleetwood Town vs Tranmere Rovers,2025-03-22 10:00:00,Under 2.25,1.99,1.944,2.6459937505986805e-05,5,0.007272774340876,0.0060866694150519,7.129470616320529e-05,5,0.0119316655184647,0.0097312483837182,betonlineag,5,0.046,0.0445,5.2,League Two,Goles (Over/Under),2025-03-21,betonlineag:1.9900; lowvig:1.9900; pinnacle:1.9400; bovada:1.9300; betus:1.8700,0-0,0,Sí
Columbus Crew SC vs New York City FC,2025-03-22 18:40:00,Under 2.5,2.14,2.0536,2.577524142679753e-05,11,0.0071596669949976,0.0062731446049715,5.763274547214604e-05,11,0.0107307071604049,0.0085614081321995,matchbook,11,0.0864,0.0454,4.87,MLS,Goles (Over/Under),2025-03-21,matchbook:2.1400; nordicbet:2.1000; betsson:2.1000; unibet:2.0600; betrivers:2.0600; unibet_eu:2.0600; playup:2.0500; onexbet:2.0300; coolbet:2.0100; williamhill:2.0000; mybookieag:1.9800,0-0,0,Sí
Columbus Crew SC vs New York City FC,2025-03-22 18:40:00,Over 2.5,1.81,1.7582,2.577524142679753e-05,11,0.0071596669949976,0.0062731446049715,2.4539835074261124e-05,11,0.0069431163485497,0.0050876783123102,coolbet,11,0.0518,0.0217,5.75,MLS,Goles (Over/Under),2025-03-21,coolbet:1.8100; onexbet:1.7800; mybookieag:1.7700; matchbook:1.7600; nordicbet:1.7500; betsson:1.7500; williamhill:1.7500; unibet:1.7500; betrivers:1.7500; unibet_eu:1.7500; playup:1.7200,0-0,0,No
Bradford City vs Colchester United,2025-03-22 10:00:00,Under 2.5,1.44,1.4175,2.562681441576378e-05,4,0.0068145353450023,0.0059015607237589,2.4453960216698245e-05,4,0.0063979418128283,0.0055407801418439,williamhill,4,0.0225,0.013,7.61,League Two,Goles (Over/Under),2025-03-21,williamhill:1.4400; betrivers:1.4100; unibet_eu:1.4100; unibet:1.4100,1-1,2,Sí
Bradford City vs Colchester United,2025-03-22 10:00:00,Over 2.5,2.75,2.7175,2.562681441576378e-05,4,0.0068145353450023,0.0059015607237589,3.264117102564338e-05,4,0.007812859298541,0.00676613462873,betrivers,4,0.0325,0.0563,7.29,League Two,Goles (Over/Under),2025-03-21,betrivers:2.7500; unibet_eu:2.7500; unibet:2.7500; williamhill:2.6200,1-1,2,No
Charlotte FC vs San Jose Earthquakes,2025-03-22 18:40:00,Over 2.5,1.7,1.6871,2.549350290186153e-05,7,0.0070722748088774,0.0048867898445541,1.612402917980478e-05,7,0.0055762013060498,0.0051827341467676,onexbet,7,0.0129,0.0158,5.99,MLS,Goles (Over/Under),2025-03-21,onexbet:1.7000; nordicbet:1.7000; betsson:1.7000; matchbook:1.7000; playup:1.6800; williamhill:1.6700; mybookieag:1.6600,4-1,5,Sí
Charlotte FC vs San Jose Earthquakes,2025-03-22 18:40:00,Under 2.5,2.34,2.17,2.549350290186153e-05,7,0.0070722748088774,0.004886789844554,0.0001001253061976,7,0.0140708384489706,0.0096956829983334,matchbook,7,0.17,0.0703,2.98,MLS,Goles (Over/Under),2025-03-21,matchbook:2.3400; onexbet:2.1500; nordicbet:2.1500; betsson:2.1500; williamhill:2.1500; mybookieag:2.1300; playup:2.1200,4-1,5,No
Carlisle United vs Bromley FC,2025-03-22 10:00:00,Under 2.25,2.05,1.996,2.4386089884960403e-05,5,0.0069752007534436,0.0060591117019463,7.822597906155068e-05,5,0.0125064434114984,0.0113316937075309,betonlineag,5,0.054,0.0496,4.34,League Two,Goles (Over/Under),2025-03-21,betonlineag:2.0500; lowvig:2.0500; pinnacle:2.0000; bovada:1.9500; betus:1.9300,2-1,3,No
Carlisle United vs Bromley FC,2025-03-22 10:00:00,Over 2.25,1.82,1.806,2.4386089884960403e-05,5,0.0069752007534436,0.0060591117019464,3.019398751551649e-06,5,0.0024436976368806,0.0022018497156618,betus,5,0.014,0.008,6.76,League Two,Goles (Over/Under),2025-03-21,betus:1.8200; pinnacle:1.8100; bovada:1.8000; betonlineag:1.8000; lowvig:1.8000,2-1,3,Sí
Gillingham vs Walsall,2025-03-22 10:00:00,Over 2.5,2.3,2.259,2.42271950902294e-05,10,0.0068676998455792,0.0046291814684448,6.900139372169304e-05,10,0.011698738019028,0.0075318731611637,onexbet,10,0.041,0.0565,7.58,League Two,Goles (Over/Under),2025-03-21,onexbet:2.3000; nordicbet:2.3000; betsson:2.3000; betrivers:2.2800; unibet_eu:2.2800; unibet:2.2800; williamhill:2.2500; tipico_de:2.2500; playup:2.2500; matchbook:2.1000,0-0,0,No
Gillingham vs Walsall,2025-03-22 10:00:00,Under 2.5,1.6,1.582,2.42271950902294e-05,10,0.0068676998455792,0.0046291814684448,2.0343713116940825e-05,10,0.0061494924244078,0.005598638955469,williamhill,10,0.018,0.0154,10.12,League Two,Goles (Over/Under),2025-03-21,williamhill:1.6000; nordicbet:1.6000; betsson:1.6000; onexbet:1.5900; matchbook:1.5900; playup:1.5800; tipico_de:1.5700; unibet:1.5700; betrivers:1.5600; unibet_eu:1.5600,0-0,0,Sí
Peterborough United vs Charlton Athletic,2025-03-22 10:00:00,Over 2.5,1.89,1.8412,2.407135714514666e-05,16,0.0069362110977409,0.0054889170018642,5.8744706819800055e-05,16,0.0107877606782091,0.0085384799427786,pinnacle,16,0.0487,0.036,6.39,League One,Goles (Over/Under),2025-03-21,pinnacle:1.8900; betus:1.8900; matchbook:1.8800; onexbet:1.8700; betsson:1.8700; nordicbet:1.8700; playup:1.8500; lowvig:1.8400; betonlineag:1.8400; williamhill:1.8300; bovada:1.8200; unibet_eu:1.8200; betrivers:1.8200; unibet:1.8200; coolbet:1.8000; tipico_de:1.7500,3-0,3,Sí
Peterborough United vs Charlton Athletic,2025-03-22 10:00:00,Under 2.5,1.99,1.9225,2.407135714514666e-05,16,0.0069362110977409,0.0054889170018642,4.6088607918354765e-05,16,0.0095936572574172,0.008088223062288,lowvig,16,0.0675,0.0358,7.39,League One,Goles (Over/Under),2025-03-21,lowvig:1.9900; betonlineag:1.9900; matchbook:1.9700; pinnacle:1.9400; coolbet:1.9400; onexbet:1.9300; bovada:1.9300; tipico_de:1.9300; williamhill:1.9100; unibet:1.9000; betsson:1.9000; nordicbet:1.9000; unibet_eu:1.8900; betrivers:1.8900; playup:1.8800; betus:1.8700,3-0,3,No
Wrexham AFC vs Stockport County FC,2025-03-22 10:00:00,Under 2.5,1.53,1.4944,2.084679073874541e-05,9,0.0062556466960471,0.0053216398804954,0.0001025667609541,9,0.0134492059520575,0.0121501047017452,betsson,9,0.0356,0.0299,6.18,League One,Goles (Over/Under),2025-03-21,betsson:1.5300; nordicbet:1.5300; onexbet:1.5200; playup:1.5200; unibet_eu:1.4800; betrivers:1.4800; unibet:1.4800; tipico_de:1.4700; williamhill:1.4400,1-0,1,Sí
Wrexham AFC vs Stockport County FC,2025-03-22 10:00:00,Over 2.5,2.52,2.48,2.084679073874541e-05,9,0.0062556466960471,0.0053216398804955,1.0392428246464604e-05,9,0.0044731350004881,0.0043447831807619,onexbet,9,0.04,0.0275,9.13,League One,Goles (Over/Under),2025-03-21,onexbet:2.5200; williamhill:2.5000; unibet_eu:2.5000; betrivers:2.5000; unibet:2.5000; tipico_de:2.4500; betsson:2.4500; nordicbet:2.4500; playup:2.4500,1-0,1,No
Málaga vs Racing de Ferrol,2025-03-22 12:30:00,Over 2.0,1.95,1.9329,1.985298577224813e-05,7,0.006300945038141,0.0053641501437295,2.7656430094487288e-05,7,0.0074284824854478,0.0053171020210685,bovada,7,0.0171,0.0271,5.34,La Liga 2,Goles (Over/Under),2025-03-21,bovada:1.9500; betanysports:1.9500; betonlineag:1.9500; lowvig:1.9500; pinnacle:1.9300; coolbet:1.9300; betus:1.8700,2-0,2,No
Málaga vs Racing de Ferrol,2025-03-22 12:30:00,Under 2.0,1.92,1.8814,1.985298577224813e-05,7,0.0063009450381411,0.0053641501437296,2.521005271089588e-05,7,0.0070882335285444,0.006156025063588,pinnacle,7,0.0386,0.0253,5.56,La Liga 2,Goles (Over/Under),2025-03-21,pinnacle:1.9200; betus:1.9200; bovada:1.8700; betanysports:1.8700; betonlineag:1.8700; lowvig:1.8700; coolbet:1.8500,2-0,2,No
Burgos CF vs Almería,2025-03-21 14:30:00,Under 2.0,2.0,1.9271,1.964968693797744e-05,7,0.0062683624087718,0.0057275470788053,5.584863203263812e-05,7,0.0105609882457198,0.0090621468272555,pinnacle,7,0.0729,0.0395,3.48,La Liga 2,Goles (Over/Under),2025-03-21,pinnacle:2.0000; bovada:1.9500; betanysports:1.9500; betonlineag:1.9100; lowvig:1.9100; coolbet:1.9000; betus:1.8700,3-1,4,No
Burgos CF vs Almería,2025-03-21 14:30:00,Over 2.0,1.91,1.8886,1.964968693797744e-05,7,0.0062683624087717,0.0057275470788053,1.1743202142188622e-05,7,0.0048377885822354,0.0044694729468611,betonlineag,7,0.0214,0.0173,5.83,La Liga 2,Goles (Over/Under),2025-03-21,betonlineag:1.9100; lowvig:1.9100; betus:1.9000; pinnacle:1.8900; bovada:1.8700; coolbet:1.8700; betanysports:1.8700,3-1,4,Sí
Colorado Rapids vs Portland Timbers,2025-03-22 20:30:00,Over 2.5,1.65,1.61,1.788434437896073e-05,7,0.0058876245002002,0.0054658931387102,3.551658041684846e-05,7,0.0081855005868885,0.0065727336008969,matchbook,7,0.04,0.0214,5.45,MLS,Goles (Over/Under),2025-03-21,matchbook:1.6500; onexbet:1.6300; mybookieag:1.6100; betsson:1.6000; nordicbet:1.6000; williamhill:1.6000; playup:1.5800,0-3,3,Sí
Colorado Rapids vs Portland Timbers,2025-03-22 20:30:00,Under 2.5,2.35,2.29,1.788434437896073e-05,7,0.0058876245002001,0.0054658931387102,3.939791276469794e-05,7,0.0088036273538278,0.0081369130607382,betsson,7,0.06,0.0463,5.84,MLS,Goles (Over/Under),2025-03-21,betsson:2.3500; nordicbet:2.3500; matchbook:2.3200; playup:2.2800; onexbet:2.2500; williamhill:2.2500; mybookieag:2.2300,0-3,3,No
Carlisle United vs Bromley FC,2025-03-22 10:00:00,Under 2.5,1.78,1.7436,1.742971860764132e-05,11,0.0058886410044937,0.0051015520551404,2.6414782465348623e-05,11,0.0071883630317743,0.0054799308952325,nordicbet,11,0.0364,0.0219,7.46,League Two,Goles (Over/Under),2025-03-21,nordicbet:1.7800; betsson:1.7800; onexbet:1.7500; tipico_de:1.7500; playup:1.7500; coolbet:1.7400; matchbook:1.7400; betrivers:1.7300; unibet_eu:1.7300; unibet:1.7300; williamhill:1.7000,2-1,3,No
Carlisle United vs Bromley FC,2025-03-22 10:00:00,Over 2.5,2.06,2.0145,1.742971860764132e-05,11,0.0058886410044937,0.0051015520551404,2.773769306104313e-05,11,0.0074475311312341,0.0057942751595546,matchbook,11,0.0455,0.03,7.37,League Two,Goles (Over/Under),2025-03-21,matchbook:2.0600; williamhill:2.0500; onexbet:2.0400; betrivers:2.0200; unibet_eu:2.0200; unibet:2.0200; coolbet:2.0200; nordicbet:2.0000; betsson:2.0000; playup:1.9800; tipico_de:1.9500,2-1,3,Sí
CD Mirandés vs Real Racing Club de Santander,2025-03-22 12:30:00,Under 2.25,1.92,1.8933,1.7138270042198585e-05,6,0.0058543269066081,0.0046676469005828,1.6401026918065586e-05,6,0.0057184209620631,0.0049318268272516,pinnacle,6,0.0267,0.0205,5.56,La Liga 2,Goles (Over/Under),2025-03-21,pinnacle:1.9200; betus:1.9200; bovada:1.8900; betanysports:1.8900; lowvig:1.8700; betonlineag:1.8700,1-0,1,Sí
CD Mirandés vs Real Racing Club de Santander,2025-03-22 12:30:00,Over 2.25,1.95,1.9267,1.7138270042198585e-05,6,0.005854326906608,0.0046676469005828,2.7306272486142227e-05,6,0.007380918796862,0.0052084233736168,lowvig,6,0.0233,0.0269,4.76,La Liga 2,Goles (Over/Under),2025-03-21,lowvig:1.9500; betonlineag:1.9500; pinnacle:1.9300; bovada:1.9300; betanysports:1.9300; betus:1.8700,1-0,1,No
Orlando City SC vs D.C. United,2025-03-22 18:30:00,Under 3.0,1.92,1.8886,1.7015816618164267e-05,7,0.0058327055857099,0.0039154561662964,2.5779312093234023e-05,7,0.0071652871774787,0.0062535682836434,coolbet,7,0.0314,0.0253,4.99,MLS,Goles (Over/Under),2025-03-21,coolbet:1.9200; pinnacle:1.9000; lowvig:1.9000; betonlineag:1.9000; betanysports:1.9000; bovada:1.8500; betus:1.8500,1-1,2,Sí
Orlando City SC vs D.C. United,2025-03-22 18:30:00,Over 3.0,1.98,1.9214,1.7015816618164267e-05,7,0.0058327055857099,0.0039154561662964,2.8076504323677888e-05,7,0.0074883880232819,0.0051214700416349,bovada,7,0.0586,0.028,4.56,MLS,Goles (Over/Under),2025-03-21,bovada:1.9800; pinnacle:1.9300; lowvig:1.9200; betonlineag:1.9200; betanysports:1.9200; betus:1.8900; coolbet:1.8900,1-1,2,No
Philadelphia Union vs St. Louis City SC,2025-03-22 18:40:00,Over 2.75,1.84,1.83,1.6974002662679397e-05,6,0.0058232450914119,0.0042195471810978,1.499171534074276e-06,6,0.0017240683702424,0.0009990075920225,betus,6,0.01,0.0058,6.98,MLS,Goles (Over/Under),2025-03-21,betus:1.8400; pinnacle:1.8300; lowvig:1.8300; betonlineag:1.8300; betanysports:1.8300; bovada:1.8200,1-0,1,No
Philadelphia Union vs St. Louis City SC,2025-03-22 18:40:00,Under 2.75,2.02,1.9883,1.6974002662679397e-05,6,0.0058232450914119,0.0042195471810978,5.536145581439508e-05,6,0.0105184072525212,0.00772316692261,bovada,6,0.0317,0.0402,4.45,MLS,Goles (Over/Under),2025-03-21,bovada:2.0200; pinnacle:2.0100; lowvig:2.0000; betonlineag:2.0000; betanysports:2.0000; betus:1.9000,1-0,1,Sí
Elche vs CD Eldense,2025-03-22 10:15:00,Over 2.5,2.16,2.09,1.644803660362021e-05,9,0.0057061208120463,0.0047096297574155,6.77884718071171e-05,9,0.0116336647151254,0.0098100392528728,matchbook,9,0.07,0.0503,6.18,La Liga 2,Goles (Over/Under),2025-03-21,matchbook:2.1600; onexbet:2.1500; coolbet:2.1200; nordicbet:2.1000; betsson:2.1000; williamhill:2.1000; unibet_eu:2.0400; unibet:2.0400; tipico_de:2.0000,2-0,2,No
Elche vs CD Eldense,2025-03-22 10:15:00,Under 2.5,1.7,1.69,1.644803660362021e-05,9,0.0057061208120463,0.0047096297574155,7.105275259154896e-06,9,0.0037041083290381,0.0031247438694987,onexbet,9,0.01,0.0105,8.82,La Liga 2,Goles (Over/Under),2025-03-21,onexbet:1.7000; tipico_de:1.7000; coolbet:1.7000; matchbook:1.7000; nordicbet:1.6900; betsson:1.6900; unibet_eu:1.6800; unibet:1.6800; williamhill:1.6700,2-0,2,Sí
Northampton Town vs Blackpool,2025-03-22 10:00:00,Over 2.25,1.86,1.848,1.5694308513897317e-05,5,0.0056010260902927,0.0039874509297084,2.5920627854759613e-05,5,0.007168458781362,0.0057347670250895,pinnacle,5,0.012,0.024,6.95,League One,Goles (Over/Under),2025-03-21,pinnacle:1.8600; betus:1.8600; lowvig:1.8600; betonlineag:1.8600; bovada:1.8000,0-2,2,No
Northampton Town vs Blackpool,2025-03-22 10:00:00,Under 2.25,1.97,1.944,1.5694308513897317e-05,5,0.0056010260902927,0.0039874509297084,3.911270914121215e-05,5,0.0088363996694838,0.0069453348147437,pinnacle,5,0.026,0.0326,6.32,League One,Goles (Over/Under),2025-03-21,pinnacle:1.9700; lowvig:1.9600; betonlineag:1.9600; bovada:1.9500; betus:1.8800,0-2,2,Sí
Barnsley vs Cambridge United,2025-03-22 10:00:00,Under 2.75,1.88,1.866,1.4717923099711856e-05,5,0.0054249170662334,0.0046872002076667,5.96151700033255e-06,5,0.0034441032623634,0.0032103483030044,pinnacle,5,0.014,0.012,6.67,League One,Goles (Over/Under),2025-03-21,pinnacle:1.8800; betus:1.8800; lowvig:1.8600; betonlineag:1.8600; bovada:1.8500,1-1,2,Sí
Barnsley vs Cambridge United,2025-03-22 10:00:00,Over 2.75,1.96,1.926,1.4717923099711856e-05,5,0.0054249170662334,0.0046872002076666,5.43550163021551e-05,5,0.0104156426970019,0.0100097847997007,lowvig,5,0.034,0.0383,5.07,League One,Goles (Over/Under),2025-03-21,lowvig:1.9600; betonlineag:1.9600; pinnacle:1.9500; bovada:1.8900; betus:1.8700,1-1,2,No
Minnesota United FC vs LA Galaxy,2025-03-22 15:40:00,Under 2.5,2.18,2.1,1.4108382113347895e-05,8,0.0052845738934888,0.0045310516631423,4.82122657722958e-05,8,0.0098042503476117,0.0078804097234147,matchbook,8,0.08,0.0439,4.7,MLS,Goles (Over/Under),2025-03-21,matchbook:2.1800; coolbet:2.1600; nordicbet:2.1000; betsson:2.1000; playup:2.0800; onexbet:2.0700; mybookieag:2.0600; williamhill:2.0500,2-2,4,No
Minnesota United FC vs LA Galaxy,2025-03-22 15:40:00,Over 2.5,1.75,1.7262,1.4108382113347895e-05,8,0.0052845738934888,0.0045310516631423,2.737817289306539e-05,8,0.0073053379519687,0.0071328591932841,onexbet,8,0.0238,0.0218,5.92,MLS,Goles (Over/Under),2025-03-21,onexbet:1.7500; nordicbet:1.7500; betsson:1.7500; matchbook:1.7400; mybookieag:1.7100; coolbet:1.7100; williamhill:1.7000; playup:1.7000,2-2,4,Sí
Vancouver Whitecaps FC vs Chicago Fire,2025-03-22 21:30:00,Under 2.5,2.1,2.09,1.4022647505701994e-05,7,0.0052689660239263,0.0047355912391869,8.46876576637814e-06,7,0.0041126905457636,0.0033047258034814,nordicbet,7,0.01,0.0177,7.5,MLS,Goles (Over/Under),2025-03-21,nordicbet:2.1000; betsson:2.1000; mybookieag:2.1000; williamhill:2.1000; matchbook:2.1000; onexbet:2.0800; playup:2.0500,1-3,4,No
Vancouver Whitecaps FC vs Chicago Fire,2025-03-22 21:30:00,Over 2.5,1.75,1.72,1.4022647505701994e-05,7,0.0052689660239263,0.0047355912391869,5.827246951315292e-05,7,0.0106393924233033,0.0088183521762495,onexbet,7,0.03,0.0312,5.92,MLS,Goles (Over/Under),2025-03-21,onexbet:1.7500; nordicbet:1.7500; betsson:1.7500; playup:1.7200; matchbook:1.7200; mybookieag:1.6800; williamhill:1.6700,1-3,4,Sí
FC Cincinnati vs Atlanta United FC,2025-03-22 13:40:00,Under 2.5,2.35,2.3033,1.3978368340344591e-05,6,0.0052040841887612,0.0047074135689823,2.3836983060994937e-05,6,0.0068437615265251,0.0058196786112358,nordicbet,6,0.0467,0.0364,5.84,MLS,Goles (Over/Under),2025-03-21,nordicbet:2.3500; betsson:2.3500; playup:2.3000; mybookieag:2.2900; onexbet:2.2800; williamhill:2.2500,2-2,4,No
FC Cincinnati vs Atlanta United FC,2025-03-22 13:40:00,Over 2.5,1.62,1.6,1.3978368340344591e-05,6,0.0052040841887612,0.0047074135689823,2.171403361388664e-05,6,0.0063800425346356,0.0052308520428538,onexbet,6,0.02,0.0163,6.17,MLS,Goles (Over/Under),2025-03-21,onexbet:1.6200; williamhill:1.6200; nordicbet:1.6000; betsson:1.6000; mybookieag:1.5800; playup:1.5800,2-2,4,Sí
Granada CF vs Oviedo,2025-03-22 15:00:00,Over 2.0,2.01,1.9529,1.3007576042250955e-05,7,0.0050987014518478,0.004489835078216,4.142672826638536e-05,7,0.009097844545143,0.0068434837744835,pinnacle,7,0.0571,0.0345,3.81,La Liga 2,Goles (Over/Under),2025-03-21,pinnacle:2.0100; betonlineag:1.9700; lowvig:1.9700; bovada:1.9500; betanysports:1.9500; coolbet:1.9300; betus:1.8900,1-0,1,No
Granada CF vs Oviedo,2025-03-22 15:00:00,Under 2.0,1.88,1.86,1.3007576042250955e-05,7,0.0050987014518478,0.004489835078216,5.962674950247615e-06,7,0.0034439110531546,0.0032960018656424,coolbet,7,0.02,0.012,6.1,La Liga 2,Goles (Over/Under),2025-03-21,coolbet:1.8800; bovada:1.8700; betanysports:1.8700; pinnacle:1.8500; betus:1.8500; betonlineag:1.8500; lowvig:1.8500,1-0,1,Sí
Elche vs CD Eldense,2025-03-22 10:15:00,Under 2.25,1.95,1.9267,1.281662167142602e-05,6,0.0050626429299714,0.0043631821028462,3.086330368798565e-05,6,0.0078475737917013,0.0063274144156496,pinnacle,6,0.0233,0.0287,4.76,La Liga 2,Goles (Over/Under),2025-03-21,pinnacle:1.9500; bovada:1.9500; betanysports:1.9500; lowvig:1.9200; betonlineag:1.9200; betus:1.8700,2-0,2,Sí
Elche vs CD Eldense,2025-03-22 10:15:00,Over 2.25,1.9,1.89,1.281662167142602e-05,6,0.0050626429299715,0.0043631821028462,7.951359105444275e-06,6,0.0039803365110416,0.0037526972511492,pinnacle,6,0.01,0.0141,6.11,La Liga 2,Goles (Over/Under),2025-03-21,pinnacle:1.9000; betus:1.9000; lowvig:1.9000; betonlineag:1.9000; bovada:1.8700; betanysports:1.8700,2-0,2,No
Port Vale vs Morecambe,2025-03-22 10:00:00,Over 2.25,1.95,1.914,1.2715984442726687e-05,5,0.0050426971363685,0.0047206541067182,5.081554266339761e-05,5,0.0100687452630698,0.0096803734719003,betonlineag,5,0.036,0.0367,4.76,League Two,Goles (Over/Under),2025-03-21,betonlineag:1.9500; lowvig:1.9500; pinnacle:1.9300; bovada:1.8700; betus:1.8700,1-0,1,No
Port Vale vs Morecambe,2025-03-22 10:00:00,Under 2.25,1.88,1.874,1.2715984442726687e-05,5,0.0050426971363685,0.0047206541067183,9.75255269002734e-07,5,0.0013934974074315,0.0013653430424393,pinnacle,5,0.006,0.0049,6.67,League Two,Goles (Over/Under),2025-03-21,pinnacle:1.8800; betus:1.8800; bovada:1.8700; betonlineag:1.8700; lowvig:1.8700,1-0,1,Sí
Levante vs CD Castellón,2025-03-23 08:00:00,Over 2.75,1.97,1.915,1.1305531137626718e-05,6,0.0047546069036739,0.0034876955832838,2.624661125653232e-05,6,0.0072396002868036,0.0048935925179726,pinnacle,6,0.055,0.0269,4.52,La Liga 2,Goles (Over/Under),2025-03-21,pinnacle:1.9700; bovada:1.9100; lowvig:1.9100; betonlineag:1.9100; betanysports:1.9100; betus:1.8800,3-2,5,Sí
Levante vs CD Castellón,2025-03-23 08:00:00,Under 2.75,1.91,1.895,1.1305531137626718e-05,6,0.0047546069036739,0.0034876955832838,1.815385346812277e-05,6,0.0060145240540749,0.0056162995650561,bovada,6,0.015,0.0214,5.55,La Liga 2,Goles (Over/Under),2025-03-21,bovada:1.9100; lowvig:1.9100; betonlineag:1.9100; betanysports:1.9100; pinnacle:1.8700; betus:1.8600,3-2,5,No
FC Cincinnati vs Atlanta United FC,2025-03-22 13:40:00,Under 3.0,1.88,1.8686,1.1260358141847624e-05,7,0.0047451708738858,0.0032092281938953,2.8530446745985902e-06,7,0.0023829175775687,0.0021047915016758,betus,7,0.0114,0.0083,6.67,MLS,Goles (Over/Under),2025-03-21,betus:1.8800; pinnacle:1.8800; bovada:1.8700; betanysports:1.8700; lowvig:1.8600; betonlineag:1.8600; coolbet:1.8600,2-2,4,No
FC Cincinnati vs Atlanta United FC,2025-03-22 13:40:00,Over 3.0,1.96,1.9443,1.1260358141847624e-05,7,0.0047451708738857,0.0032092281938953,3.506920529300513e-05,7,0.0083656708928425,0.0057999509208563,pinnacle,7,0.0157,0.0306,4.78,MLS,Goles (Over/Under),2025-03-21,pinnacle:1.9600; lowvig:1.9600; betonlineag:1.9600; coolbet:1.9600; bovada:1.9500; betanysports:1.9500; betus:1.8700,2-2,4,Sí
CD Mirandés vs Real Racing Club de Santander,2025-03-22 12:30:00,Under 2.5,1.68,1.66,1.1109217799058251e-05,9,0.004680439094277,0.0029108464496701,1.528000113677816e-05,9,0.0054105378409723,0.0048445569979639,onexbet,9,0.02,0.0149,8.3,La Liga 2,Goles (Over/Under),2025-03-21,onexbet:1.6800; matchbook:1.6800; tipico_de:1.6700; williamhill:1.6700; coolbet:1.6600; nordicbet:1.6500; betsson:1.6500; unibet:1.6400; unibet_eu:1.6400,1-0,1,Sí
CD Mirandés vs Real Racing Club de Santander,2025-03-22 12:30:00,Over 2.5,2.19,2.1433,1.1109217799058251e-05,9,0.004680439094277,0.0029108464496702,4.08046334858807e-05,9,0.0090183767599171,0.006888975888273,coolbet,9,0.0467,0.0406,6.64,La Liga 2,Goles (Over/Under),2025-03-21,coolbet:2.1900; onexbet:2.1800; matchbook:2.1800; nordicbet:2.1500; betsson:2.1500; williamhill:2.1500; unibet:2.1200; unibet_eu:2.1200; tipico_de:2.0500,1-0,1,No
Gwangju FC vs Pohang Steelers,2025-03-22 02:30:00,Over 2.25,2.0,1.9775,1.0819011405411167e-05,4,0.0046488112270601,0.0045229623332726,2.7510086654525345e-05,4,0.0074159773940815,0.0061692050034019,betonlineag,4,0.0225,0.0286,4.95,K League 1,Goles (Over/Under),2025-03-21,betonlineag:2.0000; lowvig:2.0000; pinnacle:1.9800; bovada:1.9300,2-3,5,Sí
Gwangju FC vs Pohang Steelers,2025-03-22 02:30:00,Under 2.25,1.89,1.8425,1.0819011405411167e-05,4,0.00464881122706,0.0045229623332725,3.250992335668707e-05,4,0.0080390781681651,0.0068806421265437,pinnacle,4,0.0475,0.0277,4.72,K League 1,Goles (Over/Under),2025-03-21,pinnacle:1.8900; betonlineag:1.8300; lowvig:1.8300; bovada:1.8200,2-3,5,No
Colorado Rapids vs Portland Timbers,2025-03-22 20:30:00,Over 3.0,2.02,1.998,1.0684312784901232e-05,5,0.0046180549139566,0.0044821583986074,1.0487427975115326e-05,5,0.0045797675877393,0.0043944092901752,bovada,5,0.022,0.0183,4.75,MLS,Goles (Over/Under),2025-03-21,bovada:2.0200; coolbet:2.0200; pinnacle:1.9900; betonlineag:1.9800; lowvig:1.9800,0-3,3,No
Colorado Rapids vs Portland Timbers,2025-03-22 20:30:00,Under 3.0,1.85,1.836,1.0684312784901232e-05,5,0.0046180549139566,0.0044821583986075,1.3625546173769718e-05,5,0.0051979817059409,0.0050053574915453,pinnacle,5,0.014,0.0174,4.56,MLS,Goles (Over/Under),2025-03-21,pinnacle:1.8500; betonlineag:1.8500; lowvig:1.8500; bovada:1.8200; coolbet:1.8100,0-3,3,No
Vancouver Whitecaps FC vs Chicago Fire,2025-03-22 21:30:00,Under 2.75,1.91,1.8825,9.574861803153797e-06,4,0.0043757505036353,0.0037600986972509,1.0561818734272335e-05,4,0.0045881952953215,0.0038441227402887,bovada,4,0.0275,0.0164,4.71,MLS,Goles (Over/Under),2025-03-21,bovada:1.9100; pinnacle:1.8800; lowvig:1.8700; betonlineag:1.8700,1-3,4,No
Vancouver Whitecaps FC vs Chicago Fire,2025-03-22 21:30:00,Over 2.75,1.95,1.94,9.574861803153797e-06,4,0.0043757505036352,0.0037600986972509,1.082788474239478e-05,4,0.0046504250438149,0.004027386226339,pinnacle,4,0.01,0.0173,4.76,MLS,Goles (Over/Under),2025-03-21,pinnacle:1.9500; lowvig:1.9500; betonlineag:1.9500; bovada:1.9100,1-3,4,Sí
Levante vs CD Castellón,2025-03-23 08:00:00,Over 2.5,1.75,1.6962,8.974493038110795e-06,8,0.0042158512562762,0.00301415363194,5.692437960512914e-05,8,0.0105016647852743,0.0086125298125862,onexbet,8,0.0537,0.0304,5.92,La Liga 2,Goles (Over/Under),2025-03-21,onexbet:1.7500; coolbet:1.7300; nordicbet:1.7000; betsson:1.7000; williamhill:1.7000; tipico_de:1.6700; unibet:1.6600; unibet_eu:1.6600,3-2,5,Sí
Levante vs CD Castellón,2025-03-23 08:00:00,Under 2.5,2.11,2.0812,8.974493038110795e-06,8,0.0042158512562762,0.00301415363194,7.640306461656685e-06,8,0.0039060259517694,0.0027250757579118,coolbet,8,0.0288,0.0169,7.63,La Liga 2,Goles (Over/Under),2025-03-21,coolbet:2.1100; williamhill:2.1000; unibet:2.0800; unibet_eu:2.0800; nordicbet:2.0800; betsson:2.0800; onexbet:2.0700; tipico_de:2.0500,3-2,5,No
Gillingham vs Walsall,2025-03-22 10:00:00,Under 2.25,1.83,1.802,8.973294021662496e-06,5,0.0042302603936396,0.0041317275799617,2.7580404271797947e-05,5,0.0073821277172106,0.0068713479794459,lowvig,5,0.028,0.024,5.67,League Two,Goles (Over/Under),2025-03-21,lowvig:1.8300; betonlineag:1.8300; pinnacle:1.7900; betus:1.7900; bovada:1.7700,0-0,0,Sí
Gillingham vs Walsall,2025-03-22 10:00:00,Over 2.25,2.03,1.998,8.973294021662496e-06,5,0.0042302603936395,0.0041317275799617,1.5715408327532174e-05,5,0.0056060369505008,0.003856439127375,pinnacle,5,0.032,0.0223,5.76,League Two,Goles (Over/Under),2025-03-21,pinnacle:2.0300; bovada:2.0000; lowvig:2.0000; betonlineag:2.0000; betus:1.9600,0-0,0,No
Seattle Sounders FC vs Houston Dynamo,2025-03-22 21:40:00,Under 2.5,1.78,1.7518,8.903565973100598e-06,11,0.0042073140555596,0.0039172749801365,2.138621534989089e-05,11,0.0064748736621843,0.0054657005450834,onexbet,11,0.0282,0.0199,6.18,MLS,Goles (Over/Under),2025-03-21,onexbet:1.7800; nordicbet:1.7800; betsson:1.7800; coolbet:1.7600; playup:1.7500; matchbook:1.7500; unibet:1.7400; unibet_eu:1.7400; betrivers:1.7400; williamhill:1.7300; mybookieag:1.7200,0-0,0,Sí
Seattle Sounders FC vs Houston Dynamo,2025-03-22 21:40:00,Over 2.5,2.08,2.0527,8.903565973100598e-06,11,0.0042073140555596,0.0039172749801366,1.3173160233569694e-05,11,0.00513167617817,0.0037398814944793,coolbet,11,0.0273,0.0214,6.22,MLS,Goles (Over/Under),2025-03-21,coolbet:2.0800; unibet:2.0700; unibet_eu:2.0700; betrivers:2.0700; matchbook:2.0600; nordicbet:2.0500; betsson:2.0500; mybookieag:2.0500; williamhill:2.0500; onexbet:2.0300; playup:2.0000,0-0,0,No
Seattle Sounders FC vs Houston Dynamo,2025-03-22 21:40:00,Under 2.25,2.03,2.0125,8.569469412238645e-06,4,0.0041359302200023,0.0035552778107444,1.1459179209346647e-05,4,0.0047872195398838,0.0040552084765126,pinnacle,4,0.0175,0.0192,4.21,MLS,Goles (Over/Under),2025-03-21,pinnacle:2.0300; lowvig:2.0200; betonlineag:2.0200; bovada:1.9800,0-0,0,Sí
Seattle Sounders FC vs Houston Dynamo,2025-03-22 21:40:00,Over 2.25,1.85,1.8275,8.569469412238645e-06,4,0.0041359302200023,0.0035552778107445,7.503576486816602e-06,4,0.0038581470320067,0.0033412533412533,bovada,4,0.0225,0.013,4.56,MLS,Goles (Over/Under),2025-03-21,bovada:1.8500; pinnacle:1.8200; lowvig:1.8200; betonlineag:1.8200,0-0,0,No
Real Salt Lake vs FC Dallas,2025-03-22 20:40:00,Over 2.75,1.88,1.8717,7.599685149261072e-06,6,0.0038983732734062,0.0029056379678107,5.643836003740143e-07,6,0.0010600693942711,0.0007901290754857,pinnacle,6,0.0083,0.0037,6.67,MLS,Goles (Over/Under),2025-03-21,pinnacle:1.8800; bovada:1.8700; betus:1.8700; lowvig:1.8700; betonlineag:1.8700; betanysports:1.8700,0-1,1,No
Real Salt Lake vs FC Dallas,2025-03-22 20:40:00,Under 2.75,1.96,1.9383,7.599685149261072e-06,6,0.0038983732734062,0.0029056379678107,3.557653116121453e-05,6,0.0084254841968048,0.0062394810293969,pinnacle,6,0.0217,0.0308,4.5,MLS,Goles (Over/Under),2025-03-21,pinnacle:1.9600; bovada:1.9500; lowvig:1.9500; betonlineag:1.9500; betanysports:1.9500; betus:1.8700,0-1,1,Sí
Philadelphia Union vs St. Louis City SC,2025-03-22 18:40:00,Over 2.5,1.68,1.6586,6.291696606020669e-06,7,0.0035114415386283,0.0029908795746621,3.902300627276284e-05,7,0.0086348728417672,0.0079108536327065,betsson,7,0.0214,0.0236,6.04,MLS,Goles (Over/Under),2025-03-21,betsson:1.6800; nordicbet:1.6800; matchbook:1.6800; onexbet:1.6700; playup:1.6500; mybookieag:1.6300; williamhill:1.6200,1-0,1,No
Philadelphia Union vs St. Louis City SC,2025-03-22 18:40:00,Under 2.5,2.22,2.1929,6.291696606020669e-06,7,0.0035114415386283,0.0029908795746621,8.703289586366252e-06,7,0.0041575085734605,0.0029050085938085,matchbook,7,0.0271,0.0198,6.77,MLS,Goles (Over/Under),2025-03-21,matchbook:2.2200; betsson:2.2000; nordicbet:2.2000; williamhill:2.2000; onexbet:2.1900; mybookieag:2.1900; playup:2.1500,1-0,1,Sí
Wrexham AFC vs Stockport County FC,2025-03-22 10:00:00,Under 2.0,1.95,1.9133,5.901551951569349e-06,6,0.0034354258722466,0.0025805556085541,3.588550341858984e-05,6,0.0084621172857984,0.0082020114362948,pinnacle,6,0.0367,0.0309,5.34,League One,Goles (Over/Under),2025-03-21,pinnacle:1.9500; lowvig:1.9400; betonlineag:1.9400; bovada:1.8900; coolbet:1.8900; betus:1.8700,1-0,1,Sí
Wrexham AFC vs Stockport County FC,2025-03-22 10:00:00,Over 2.0,1.88,1.87,5.901551951569349e-06,6,0.0034354258722466,0.0025805556085541,8.310669581255837e-06,6,0.0040661689544942,0.0038336208548973,pinnacle,6,0.01,0.0141,6.67,League One,Goles (Over/Under),2025-03-21,pinnacle:1.8800; betus:1.8800; lowvig:1.8800; betonlineag:1.8800; bovada:1.8500; coolbet:1.8500,1-0,1,No
Chesterfield FC vs Harrogate Town,2025-03-22 10:00:00,Under 2.25,1.91,1.898,4.815323848882341e-06,5,0.0031032894022964,0.0025516061817972,1.0041113386200796e-05,5,0.0044737929322377,0.0040174724498715,pinnacle,5,0.012,0.016,6.41,League Two,Goles (Over/Under),2025-03-21,pinnacle:1.9100; lowvig:1.9100; betonlineag:1.9100; bovada:1.8900; betus:1.8700,0-0,0,Sí
Chesterfield FC vs Harrogate Town,2025-03-22 10:00:00,Over 2.25,1.91,1.892,4.815323848882341e-06,5,0.0031032894022963,0.0025516061817972,1.996858293505367e-05,5,0.0063062261175884,0.0049640633823604,lowvig,5,0.018,0.0223,5.83,League Two,Goles (Over/Under),2025-03-21,lowvig:1.9100; betonlineag:1.9100; betus:1.9000; pinnacle:1.8900; bovada:1.8500,0-0,0,No
Minnesota United FC vs LA Galaxy,2025-03-22 15:40:00,Under 2.75,1.91,1.8933,4.159661910293976e-06,6,0.0028842926742537,0.0021186880340828,2.1375505148069098e-06,6,0.0020647552356019,0.0015389776879015,pinnacle,6,0.0167,0.0075,5.83,MLS,Goles (Over/Under),2025-03-21,pinnacle:1.9100; bovada:1.8900; betus:1.8900; betonlineag:1.8900; lowvig:1.8900; betanysports:1.8900,2-2,4,No
Minnesota United FC vs LA Galaxy,2025-03-22 15:40:00,Over 2.75,1.94,1.9217,4.159661910293976e-06,6,0.0028842926742537,0.0021186880340829,2.097978303642541e-05,6,0.0064686460154928,0.0047663341008027,pinnacle,6,0.0183,0.0234,4.46,MLS,Goles (Over/Under),2025-03-21,pinnacle:1.9400; bovada:1.9300; betonlineag:1.9300; lowvig:1.9300; betanysports:1.9300; betus:1.8700,2-2,4,Sí
Burgos CF vs Almería,2025-03-21 14:30:00,Over 2.5,2.6,2.475,4.137028835433674e-06,8,0.0027920669651711,0.0023333333709964,4.1492194370615376e-05,8,0.0089237799413907,0.007027570643642,matchbook,8,0.125,0.0559,5.58,La Liga 2,Goles (Over/Under),2025-03-21,matchbook:2.6000; onexbet:2.5000; williamhill:2.5000; betsson:2.4500; nordicbet:2.4500; unibet:2.4500; unibet_eu:2.4500; tipico_de:2.4000,3-1,4,Sí
Burgos CF vs Almería,2025-03-21 14:30:00,Under 2.5,1.61,1.5175,4.137028835433674e-06,8,0.0027920669651711,0.0023333333709964,0.0001296562681572,8,0.0153979152641422,0.0109987607996044,matchbook,8,0.0925,0.037,3.78,La Liga 2,Goles (Over/Under),2025-03-21,matchbook:1.6100; onexbet:1.5300; betsson:1.5100; nordicbet:1.5100; tipico_de:1.5000; williamhill:1.5000; unibet:1.4900; unibet_eu:1.4900,3-1,4,No
Gwangju FC vs Pohang Steelers,2025-03-22 02:30:00,Over 2.5,2.23,2.18,1.970398844714384e-06,10,0.0019641776360275,0.0015924788965397,1.5989692805456222e-05,10,0.0056351779758778,0.0050650606684418,onexbet,10,0.05,0.0268,6.95,K League 1,Goles (Over/Under),2025-03-21,onexbet:2.2300; williamhill:2.2000; playup:2.2000; nordicbet:2.1900; betsson:2.1900; coolbet:2.1900; tipico_de:2.1500; unibet:2.1500; betrivers:2.1500; unibet_eu:2.1500,2-3,5,Sí
Gwangju FC vs Pohang Steelers,2025-03-22 02:30:00,Under 2.5,1.66,1.629,1.970398844714384e-06,10,0.0019641776360275,0.0015924788965396,2.288109987791012e-05,10,0.0065912588416286,0.0056397222795544,coolbet,10,0.031,0.0176,6.75,K League 1,Goles (Over/Under),2025-03-21,coolbet:1.6600; onexbet:1.6500; playup:1.6500; nordicbet:1.6300; betsson:1.6300; williamhill:1.6200; tipico_de:1.6200; unibet:1.6100; betrivers:1.6100; unibet_eu:1.6100,2-3,5,No
Lincoln City vs Exeter City,2025-03-22 10:00:00,Over 2.5,2.23,2.186,1.8490850535075e-06,10,0.001902591902926,0.0014956034063225,1.1058940035697448e-05,10,0.0046853270384464,0.0041821939964637,onexbet,10,0.044,0.0224,6.57,League One,Goles (Over/Under),2025-03-21,onexbet:2.2300; williamhill:2.2000; betsson:2.2000; nordicbet:2.2000; playup:2.2000; unibet_eu:2.1700; betrivers:2.1700; unibet:2.1700; coolbet:2.1700; tipico_de:2.1500,1-1,2,No
Lincoln City vs Exeter City,2025-03-22 10:00:00,Under 2.5,1.65,1.632,1.8490850535075e-06,10,0.0019025919029259,0.0014956034063225,1.297616781404277e-05,10,0.0049652421956492,0.0046407849590052,onexbet,10,0.018,0.0133,7.12,League One,Goles (Over/Under),2025-03-21,onexbet:1.6500; betsson:1.6500; nordicbet:1.6500; coolbet:1.6400; playup:1.6300; williamhill:1.6200; tipico_de:1.6200; unibet_eu:1.6200; betrivers:1.6200; unibet:1.6200,1-1,2,Sí
Wimbledon vs Barrow,2025-03-22 10:00:00,Under 1.5,2.55,2.5175,1.0568910697130905e-06,4,0.0014076805109116,0.001213489634932,2.228093935770893e-05,4,0.0065409648012314,0.0054188342003467,nordicbet,4,0.0325,0.0409,6.78,League Two,Goles (Over/Under),2025-03-21,nordicbet:2.5500; betsson:2.5500; onexbet:2.5200; playup:2.4500,2-2,4,No
Wimbledon vs Barrow,2025-03-22 10:00:00,Over 1.5,1.52,1.505,1.0568910697130905e-06,4,0.0014076805109116,0.001213489634932,3.048608026343715e-05,4,0.0073628260565526,0.0066382171645329,nordicbet,4,0.015,0.0166,6.61,League Two,Goles (Over/Under),2025-03-21,nordicbet:1.5200; betsson:1.5200; onexbet:1.5000; playup:1.4800,2-2,4,Sí
Nashville SC vs CF Montreal,2025-03-22 19:30:00,Over 2.75,1.93,1.9117,7.594680177025976e-07,6,0.0012324458482398,0.0011619522008919,1.4727497130704466e-05,6,0.0054190850588562,0.0040004911555333,pinnacle,6,0.0183,0.0195,5.29,MLS,Goles (Over/Under),2025-03-21,pinnacle:1.9300; betonlineag:1.9200; lowvig:1.9200; betanysports:1.9200; bovada:1.9100; betus:1.8700,3-0,3,Sí
Nashville SC vs CF Montreal,2025-03-22 19:30:00,Under 2.75,1.91,1.8983,7.594680177025976e-07,6,0.0012324458482398,0.0011619522008919,7.112013141796972e-06,6,0.0037649065284642,0.0026516113430349,bovada,6,0.0117,0.0134,5.83,MLS,Goles (Over/Under),2025-03-21,bovada:1.9100; pinnacle:1.9100; betonlineag:1.9000; lowvig:1.9000; betanysports:1.9000; betus:1.8700,3-0,3,No
Charlotte FC vs San Jose Earthquakes,2025-03-22 18:40:00,Over 2.75,1.88,1.8775,5.872121270962023e-07,4,0.0010835277738763,0.0009756947767008,7.619180131909114e-07,4,0.0012316893329508,0.0010666742519057,pinnacle,4,0.0025,0.0043,4.74,MLS,Goles (Over/Under),2025-03-21,pinnacle:1.8800; lowvig:1.8800; betonlineag:1.8800; bovada:1.8700,4-1,5,Sí
Charlotte FC vs San Jose Earthquakes,2025-03-22 18:40:00,Under 2.75,1.95,1.945,5.872121270962023e-07,4,0.0010835277738763,0.0009756947767008,8.741496693010333e-07,4,0.0013217023526301,0.0013217023526301,bovada,4,0.005,0.005,4.76,MLS,Goles (Over/Under),2025-03-21,bovada:1.9500; pinnacle:1.9500; lowvig:1.9400; betonlineag:1.9400,4-1,5,No
