Partido,Fecha_Hora_Colombia,Mercado,Mejor_Cuota,Cuota_Promedio_Mercado,BDI_jsd_fair,BDI_n_bookmakers_fair,BDI_std_p_fair,BDI_mad_p_fair,BDI_jsd,BDI_n_bookmakers,BDI_std_p,BDI_mad_p,Mejor_Casa,Num_Casas,Diferencia_Cuota_Promedio,Volatilidad_Pct,Margen_Casa_Pct,Liga,Tipo_Mercado,Snapshot_Date,Todas_Las_Cuotas
Real Salt Lake vs FC Dallas,2025-03-22 20:40:00,Over 2.5,1.73,1.678,3.538674496841006e-05,10,0.008337222065085102,0.007334775757408607,5.984641655722337e-05,10,0.01073618865097669,0.009233439591034742,matchbook,10,0.052,0.0303,5.42,MLS,Goles (Over/Under),2025-03-21,matchbook:1.7300; onexbet:1.7100; betsson:1.7000; nordicbet:1.7000; playup:1.6800; mybookieag:1.6700; williamhill:1.6700; betrivers:1.6400; unibet:1.6400; unibet_eu:1.6400
Real Salt Lake vs FC Dallas,2025-03-22 20:40:00,Under 2.5,2.23,2.171,3.538674496841006e-05,10,0.008337222065085106,0.007334775757408612,5.299499435581069e-05,10,0.010261757229093893,0.009528647942066043,betrivers,10,0.059,0.0485,5.82,MLS,Goles (Over/Under),2025-03-21,betrivers:2.2300; unibet:2.2300; unibet_eu:2.2300; matchbook:2.2200; betsson:2.1500; nordicbet:2.1500; williamhill:2.1500; onexbet:2.1300; mybookieag:2.1200; playup:2.1000
Real Salt Lake vs FC Dallas,2025-03-22 20:40:00,Over 2.75,1.88,1.8717,7.599685149261072e-06,6,0.003898373273406252,0.0029056379678107738,5.643836003740143e-07,6,0.001060069394271121,0.0007901290754857756,pinnacle,6,0.0083,0.0037,6.67,MLS,Goles (Over/Under),2025-03-21,pinnacle:1.8800; bovada:1.8700; betus:1.8700; lowvig:1.8700; betonlineag:1.8700; betanysports:1.8700
Real Salt Lake vs FC Dallas,2025-03-22 20:40:00,Under 2.75,1.96,1.9383,7.599685149261072e-06,6,0.003898373273406211,0.0029056379678107183,3.557653116121453e-05,6,0.008425484196804885,0.0062394810293969205,pinnacle,6,0.0217,0.0308,4.5,MLS,Goles (Over/Under),2025-03-21,pinnacle:1.9600; bovada:1.9500; lowvig:1.9500; betonlineag:1.9500; betanysports:1.9500; betus:1.8700
Cheltenham Town vs Milton Keynes Dons,2025-03-22 10:00:00,Over 2.5,2.01,1.9206,8.094667411788812e-05,16,0.012718985212069309,0.010334219720069326,0.00015854540291532448,16,0.017779634990289665,0.01495417984208132,betonlineag,16,0.0894,0.0648,6.89,League Two,Goles (Over/Under),2025-03-21,betonlineag:2.0100; lowvig:2.0100; williamhill:2.0000; coolbet:1.9700; matchbook:1.9700; nordicbet:1.9500; betsson:1.9500; pinnacle:1.9300; bovada:1.9300; onexbet:1.9200; playup:1.9100; betus:1.8700; tipico_de:1.8500; betrivers:1.8200; unibet_eu:1.8200; unibet:1.8200
Cheltenham Town vs Milton Keynes Dons,2025-03-22 10:00:00,Under 2.5,1.9,1.8444,8.094667411788812e-05,16,0.012718985212069307,0.010334219720069343,7.706963830111683e-05,16,0.012357789322399663,0.01003912635013069,unibet,16,0.0556,0.0414,7.58,League Two,Goles (Over/Under),2025-03-21,unibet:1.9000; betrivers:1.8900; unibet_eu:1.8900; pinnacle:1.8800; betus:1.8800; matchbook:1.8800; onexbet:1.8500; nordicbet:1.8500; betsson:1.8500; tipico_de:1.8300; betonlineag:1.8300; lowvig:1.8300; bovada:1.8200; playup:1.8000; coolbet:1.7800; williamhill:1.7500
Levante vs CD Castellón,2025-03-23 08:00:00,Over 2.5,1.75,1.6962,8.974493038110795e-06,8,0.004215851256276241,0.0030141536319400614,5.692437960512914e-05,8,0.010501664785274341,0.008612529812586284,onexbet,8,0.0537,0.0304,5.92,La Liga 2,Goles (Over/Under),2025-03-21,onexbet:1.7500; coolbet:1.7300; nordicbet:1.7000; betsson:1.7000; williamhill:1.7000; tipico_de:1.6700; unibet:1.6600; unibet_eu:1.6600
Levante vs CD Castellón,2025-03-23 08:00:00,Under 2.5,2.11,2.0812,8.974493038110795e-06,8,0.004215851256276247,0.0030141536319400752,7.640306461656685e-06,8,0.0039060259517694467,0.0027250757579118726,coolbet,8,0.0288,0.0169,7.63,La Liga 2,Goles (Over/Under),2025-03-21,coolbet:2.1100; williamhill:2.1000; unibet:2.0800; unibet_eu:2.0800; nordicbet:2.0800; betsson:2.0800; onexbet:2.0700; tipico_de:2.0500
Levante vs CD Castellón,2025-03-23 08:00:00,Over 2.75,1.97,1.915,1.1305531137626718e-05,6,0.004754606903673979,0.003487695583283814,2.624661125653232e-05,6,0.007239600286803679,0.004893592517972685,pinnacle,6,0.055,0.0269,4.52,La Liga 2,Goles (Over/Under),2025-03-21,pinnacle:1.9700; bovada:1.9100; lowvig:1.9100; betonlineag:1.9100; betanysports:1.9100; betus:1.8800
Levante vs CD Castellón,2025-03-23 08:00:00,Under 2.75,1.91,1.895,1.1305531137626718e-05,6,0.004754606903673959,0.0034876955832838044,1.815385346812277e-05,6,0.006014524054074937,0.005616299565056197,bovada,6,0.015,0.0214,5.55,La Liga 2,Goles (Over/Under),2025-03-21,bovada:1.9100; lowvig:1.9100; betonlineag:1.9100; betanysports:1.9100; pinnacle:1.8700; betus:1.8600
Burgos CF vs Almería,2025-03-21 14:30:00,Over 2.0,1.91,1.8886,1.964968693797744e-05,7,0.006268362408771785,0.0057275470788053905,1.1743202142188622e-05,7,0.004837788582235474,0.004469472946861112,betonlineag,7,0.0214,0.0173,5.83,La Liga 2,Goles (Over/Under),2025-03-21,betonlineag:1.9100; lowvig:1.9100; betus:1.9000; pinnacle:1.8900; bovada:1.8700; coolbet:1.8700; betanysports:1.8700
Burgos CF vs Almería,2025-03-21 14:30:00,Under 2.0,2.0,1.9271,1.964968693797744e-05,7,0.006268362408771806,0.005727547078805398,5.584863203263812e-05,7,0.010560988245719835,0.00906214682725559,pinnacle,7,0.0729,0.0395,3.48,La Liga 2,Goles (Over/Under),2025-03-21,pinnacle:2.0000; bovada:1.9500; betanysports:1.9500; betonlineag:1.9100; lowvig:1.9100; coolbet:1.9000; betus:1.8700
Burgos CF vs Almería,2025-03-21 14:30:00,Over 2.5,2.6,2.475,4.137028835433674e-06,8,0.002792066965171156,0.0023333333709964835,4.1492194370615376e-05,8,0.008923779941390741,0.00702757064364206,matchbook,8,0.125,0.0559,5.58,La Liga 2,Goles (Over/Under),2025-03-21,matchbook:2.6000; onexbet:2.5000; williamhill:2.5000; betsson:2.4500; nordicbet:2.4500; unibet:2.4500; unibet_eu:2.4500; tipico_de:2.4000
Burgos CF vs Almería,2025-03-21 14:30:00,Under 2.5,1.61,1.5175,4.137028835433674e-06,8,0.002792066965171133,0.0023333333709964627,0.0001296562681572359,8,0.015397915264142286,0.010998760799604462,matchbook,8,0.0925,0.037,3.78,La Liga 2,Goles (Over/Under),2025-03-21,matchbook:1.6100; onexbet:1.5300; betsson:1.5100; nordicbet:1.5100; tipico_de:1.5000; williamhill:1.5000; unibet:1.4900; unibet_eu:1.4900
Málaga vs Racing de Ferrol,2025-03-22 12:30:00,Over 1.5,1.51,1.4967,7.144963844572675e-07,3,0.0011599445578379557,0.0010936062168635334,4.08841199514663e-05,3,0.008494923111970622,0.008009090317510329,betsson,3,0.0133,0.0189,7.55,La Liga 2,Goles (Over/Under),2025-03-21,betsson:1.5100; nordicbet:1.5100; onexbet:1.4700
Málaga vs Racing de Ferrol,2025-03-22 12:30:00,Under 1.5,2.46,2.4467,7.144963844572675e-07,3,0.0011599445578379557,0.0010936062168635334,5.18479000444426e-06,3,0.0031674025451255334,0.0029862557578743862,betsson,3,0.0133,0.0189,8.68,La Liga 2,Goles (Over/Under),2025-03-21,betsson:2.4600; nordicbet:2.4600; onexbet:2.4200
Málaga vs Racing de Ferrol,2025-03-22 12:30:00,Over 2.0,1.95,1.9329,1.9852985772248134e-05,7,0.006300945038141098,0.005364150143729564,2.7656430094487288e-05,7,0.00742848248544788,0.005317102021068562,bovada,7,0.0171,0.0271,5.34,La Liga 2,Goles (Over/Under),2025-03-21,bovada:1.9500; betanysports:1.9500; betonlineag:1.9500; lowvig:1.9500; pinnacle:1.9300; coolbet:1.9300; betus:1.8700
Málaga vs Racing de Ferrol,2025-03-22 12:30:00,Under 2.0,1.92,1.8814,1.9852985772248134e-05,7,0.006300945038141176,0.005364150143729667,2.521005271089588e-05,7,0.007088233528544413,0.006156025063588033,pinnacle,7,0.0386,0.0253,5.56,La Liga 2,Goles (Over/Under),2025-03-21,pinnacle:1.9200; betus:1.9200; bovada:1.8700; betanysports:1.8700; betonlineag:1.8700; lowvig:1.8700; coolbet:1.8500
Málaga vs Racing de Ferrol,2025-03-22 12:30:00,Over 2.5,2.65,2.55,0.0001111179734120814,4,0.014338092486662348,0.014239534413585053,0.00012437941011100352,4,0.01540238737004232,0.01540238737004232,unibet,4,0.1,0.1,8.16,La Liga 2,Goles (Over/Under),2025-03-21,unibet:2.6500; unibet_eu:2.6500; tipico_de:2.4500; williamhill:2.4500
Málaga vs Racing de Ferrol,2025-03-22 12:30:00,Under 2.5,1.5,1.4525,0.0001111179734120814,4,0.014338092486662315,0.014239534413585025,0.00015097769415689348,4,0.016112754047480957,0.015377982178787053,williamhill,4,0.0475,0.0342,7.48,La Liga 2,Goles (Over/Under),2025-03-21,williamhill:1.5000; tipico_de:1.4700; unibet:1.4200; unibet_eu:1.4200
CD Mirandés vs Real Racing Club de Santander,2025-03-22 12:30:00,Over 2.25,1.95,1.9267,1.7138270042198585e-05,6,0.005854326906608087,0.0046676469005828185,2.7306272486142227e-05,6,0.007380918796862089,0.0052084233736168955,lowvig,6,0.0233,0.0269,4.76,La Liga 2,Goles (Over/Under),2025-03-21,lowvig:1.9500; betonlineag:1.9500; pinnacle:1.9300; bovada:1.9300; betanysports:1.9300; betus:1.8700
CD Mirandés vs Real Racing Club de Santander,2025-03-22 12:30:00,Under 2.25,1.92,1.8933,1.7138270042198585e-05,6,0.005854326906608147,0.004667646900582828,1.6401026918065586e-05,6,0.00571842096206315,0.004931826827251647,pinnacle,6,0.0267,0.0205,5.56,La Liga 2,Goles (Over/Under),2025-03-21,pinnacle:1.9200; betus:1.9200; bovada:1.8900; betanysports:1.8900; lowvig:1.8700; betonlineag:1.8700
CD Mirandés vs Real Racing Club de Santander,2025-03-22 12:30:00,Over 2.5,2.19,2.1433,1.1109217799058253e-05,9,0.0046804390942770955,0.0029108464496702185,4.08046334858807e-05,9,0.009018376759917126,0.006888975888273098,coolbet,9,0.0467,0.0406,6.64,La Liga 2,Goles (Over/Under),2025-03-21,coolbet:2.1900; onexbet:2.1800; matchbook:2.1800; nordicbet:2.1500; betsson:2.1500; williamhill:2.1500; unibet:2.1200; unibet_eu:2.1200; tipico_de:2.0500
CD Mirandés vs Real Racing Club de Santander,2025-03-22 12:30:00,Under 2.5,1.68,1.66,1.1109217799058253e-05,9,0.004680439094277045,0.0029108464496701877,1.528000113677816e-05,9,0.0054105378409723005,0.004844556997963958,onexbet,9,0.02,0.0149,8.3,La Liga 2,Goles (Over/Under),2025-03-21,onexbet:1.6800; matchbook:1.6800; tipico_de:1.6700; williamhill:1.6700; coolbet:1.6600; nordicbet:1.6500; betsson:1.6500; unibet:1.6400; unibet_eu:1.6400
Northampton Town vs Blackpool,2025-03-22 10:00:00,Over 2.25,1.86,1.848,1.5694308513897317e-05,5,0.00560102609029274,0.003987450929708469,2.5920627854759613e-05,5,0.007168458781362031,0.005734767025089571,pinnacle,5,0.012,0.024,6.95,League One,Goles (Over/Under),2025-03-21,pinnacle:1.8600; betus:1.8600; lowvig:1.8600; betonlineag:1.8600; bovada:1.8000
Northampton Town vs Blackpool,2025-03-22 10:00:00,Under 2.25,1.97,1.944,1.5694308513897317e-05,5,0.005601026090292768,0.003987450929708469,3.911270914121215e-05,5,0.008836399669483883,0.006945334814743709,pinnacle,5,0.026,0.0326,6.32,League One,Goles (Over/Under),2025-03-21,pinnacle:1.9700; lowvig:1.9600; betonlineag:1.9600; bovada:1.9500; betus:1.8800
Northampton Town vs Blackpool,2025-03-22 10:00:00,Over 2.5,2.11,2.0373,3.043893769465375e-05,11,0.007774324809764609,0.007662989640335546,7.554879024582853e-05,11,0.012288330893974532,0.011074674808705139,onexbet,11,0.0727,0.051,7.27,League One,Goles (Over/Under),2025-03-21,onexbet:2.1100; betsson:2.1000; nordicbet:2.1000; playup:2.0800; tipico_de:2.0500; coolbet:2.0200; williamhill:2.0000; unibet_eu:2.0000; betrivers:2.0000; unibet:2.0000; matchbook:1.9500
Northampton Town vs Blackpool,2025-03-22 10:00:00,Under 2.5,1.75,1.7236,3.043893769465375e-05,11,0.007774324809764636,0.007662989640335566,2.9796471483023227e-05,11,0.007607479484913749,0.006052448111136235,williamhill,11,0.0264,0.0223,8.42,League One,Goles (Over/Under),2025-03-21,williamhill:1.7500; unibet_eu:1.7400; betrivers:1.7400; unibet:1.7400; coolbet:1.7400; onexbet:1.7300; betsson:1.7200; nordicbet:1.7200; matchbook:1.7100; playup:1.7000; tipico_de:1.6700
Chesterfield FC vs Harrogate Town,2025-03-22 10:00:00,Over 2.25,1.91,1.892,4.815323848882341e-06,5,0.003103289402296372,0.0025516061817972393,1.996858293505367e-05,5,0.006306226117588494,0.00496406338236044,lowvig,5,0.018,0.0223,5.83,League Two,Goles (Over/Under),2025-03-21,lowvig:1.9100; betonlineag:1.9100; betus:1.9000; pinnacle:1.8900; bovada:1.8500
Chesterfield FC vs Harrogate Town,2025-03-22 10:00:00,Under 2.25,1.91,1.898,4.815323848882341e-06,5,0.0031032894022964127,0.002551606181797272,1.0041113386200796e-05,5,0.004473792932237778,0.004017472449871584,pinnacle,5,0.012,0.016,6.41,League Two,Goles (Over/Under),2025-03-21,pinnacle:1.9100; lowvig:1.9100; betonlineag:1.9100; bovada:1.8900; betus:1.8700
Chesterfield FC vs Harrogate Town,2025-03-22 10:00:00,Over 2.5,2.16,2.0836,0.000114800846902541,11,0.01507670867996033,0.012887914149776171,0.00015456513646741434,11,0.017570617031245187,0.015646612835650074,matchbook,11,0.0764,0.0746,8.8,League Two,Goles (Over/Under),2025-03-21,matchbook:2.1600; williamhill:2.1500; nordicbet:2.1500; betsson:2.1500; onexbet:2.1400; playup:2.1200; coolbet:2.0800; tipico_de:2.0500; unibet:1.9800; betrivers:1.9700; unibet_eu:1.9700
Chesterfield FC vs Harrogate Town,2025-03-22 10:00:00,Under 2.5,1.75,1.6873,0.000114800846902541,11,0.015076708679960315,0.01288791414977612,0.0001336013591923777,11,0.016046562307256575,0.01270916551002953,betrivers,11,0.0627,0.0455,7.9,League Two,Goles (Over/Under),2025-03-21,betrivers:1.7500; unibet_eu:1.7500; unibet:1.7500; coolbet:1.7000; onexbet:1.6800; nordicbet:1.6800; betsson:1.6800; tipico_de:1.6700; williamhill:1.6500; playup:1.6500; matchbook:1.6000
Charlotte FC vs San Jose Earthquakes,2025-03-22 18:40:00,Over 2.5,1.7,1.6871,2.549350290186153e-05,7,0.00707227480887749,0.004886789844554119,1.612402917980478e-05,7,0.00557620130604989,0.005182734146767652,onexbet,7,0.0129,0.0158,5.99,MLS,Goles (Over/Under),2025-03-21,onexbet:1.7000; nordicbet:1.7000; betsson:1.7000; matchbook:1.7000; playup:1.6800; williamhill:1.6700; mybookieag:1.6600
Charlotte FC vs San Jose Earthquakes,2025-03-22 18:40:00,Under 2.5,2.34,2.17,2.549350290186153e-05,7,0.0070722748088774285,0.00488678984455408,0.00010012530619768317,7,0.014070838448970693,0.009695682998333495,matchbook,7,0.17,0.0703,2.98,MLS,Goles (Over/Under),2025-03-21,matchbook:2.3400; onexbet:2.1500; nordicbet:2.1500; betsson:2.1500; williamhill:2.1500; mybookieag:2.1300; playup:2.1200
Charlotte FC vs San Jose Earthquakes,2025-03-22 18:40:00,Over 2.75,1.88,1.8775,5.872121270962023e-07,4,0.0010835277738763893,0.0009756947767008695,7.619180131909114e-07,4,0.0012316893329508707,0.0010666742519057637,pinnacle,4,0.0025,0.0043,4.74,MLS,Goles (Over/Under),2025-03-21,pinnacle:1.8800; lowvig:1.8800; betonlineag:1.8800; bovada:1.8700
Charlotte FC vs San Jose Earthquakes,2025-03-22 18:40:00,Under 2.75,1.95,1.945,5.872121270962023e-07,4,0.0010835277738763932,0.0009756947767008833,8.741496693010333e-07,4,0.001321702352630183,0.001321702352630183,bovada,4,0.005,0.005,4.76,MLS,Goles (Over/Under),2025-03-21,bovada:1.9500; pinnacle:1.9500; lowvig:1.9400; betonlineag:1.9400
Charlotte FC vs San Jose Earthquakes,2025-03-22 18:40:00,Over 3.5,2.8,2.8,0.0,3,0.0,0.0,0.0,3,0.0,0.0,unibet,3,0.0,0.0,6.14,MLS,Goles (Over/Under),2025-03-21,unibet:2.8000; betrivers:2.8000; unibet_eu:2.8000
Charlotte FC vs San Jose Earthquakes,2025-03-22 18:40:00,Under 3.5,1.42,1.42,0.0,3,0.0,0.0,0.0,3,0.0,0.0,unibet,3,0.0,0.0,6.14,MLS,Goles (Over/Under),2025-03-21,unibet:1.4200; betrivers:1.4200; unibet_eu:1.4200
Nashville SC vs CF Montreal,2025-03-22 19:30:00,Over 2.5,1.78,1.7244,6.915832102267825e-05,9,0.011702867913060891,0.010478374232248226,0.00010221042132436573,9,0.014117253596838986,0.01354963835810932,betsson,9,0.0556,0.0422,5.68,MLS,Goles (Over/Under),2025-03-21,betsson:1.7800; nordicbet:1.7800; onexbet:1.7700; playup:1.7500; mybookieag:1.7000; williamhill:1.7000; betrivers:1.6800; unibet_eu:1.6800; unibet:1.6800
Nashville SC vs CF Montreal,2025-03-22 19:30:00,Under 2.5,2.16,2.0856,6.915832102267825e-05,9,0.01170286791306091,0.010478374232248252,7.519071641175697e-05,9,0.012248141492866335,0.011228372356107642,betrivers,9,0.0744,0.054,5.82,MLS,Goles (Over/Under),2025-03-21,betrivers:2.1600; unibet_eu:2.1600; unibet:2.1600; mybookieag:2.0700; onexbet:2.0500; betsson:2.0500; nordicbet:2.0500; williamhill:2.0500; playup:2.0200
Nashville SC vs CF Montreal,2025-03-22 19:30:00,Over 2.75,1.93,1.9117,7.594680177025976e-07,6,0.0012324458482398759,0.001161952200891982,1.4727497130704466e-05,6,0.005419085058856273,0.004000491155533396,pinnacle,6,0.0183,0.0195,5.29,MLS,Goles (Over/Under),2025-03-21,pinnacle:1.9300; betonlineag:1.9200; lowvig:1.9200; betanysports:1.9200; bovada:1.9100; betus:1.8700
Nashville SC vs CF Montreal,2025-03-22 19:30:00,Under 2.75,1.91,1.8983,7.594680177025976e-07,6,0.0012324458482398952,0.001161952200891973,7.112013141796972e-06,6,0.0037649065284642087,0.0026516113430349506,bovada,6,0.0117,0.0134,5.83,MLS,Goles (Over/Under),2025-03-21,bovada:1.9100; pinnacle:1.9100; betonlineag:1.9000; lowvig:1.9000; betanysports:1.9000; betus:1.8700
Port Vale vs Morecambe,2025-03-22 10:00:00,Over 2.25,1.95,1.914,1.2715984442726689e-05,5,0.005042697136368548,0.004720654106718292,5.081554266339761e-05,5,0.01006874526306989,0.009680373471900362,betonlineag,5,0.036,0.0367,4.76,League Two,Goles (Over/Under),2025-03-21,betonlineag:1.9500; lowvig:1.9500; pinnacle:1.9300; bovada:1.8700; betus:1.8700
Port Vale vs Morecambe,2025-03-22 10:00:00,Under 2.25,1.88,1.874,1.2715984442726689e-05,5,0.005042697136368595,0.004720654106718314,9.75255269002734e-07,5,0.0013934974074315137,0.001365343042439382,pinnacle,5,0.006,0.0049,6.67,League Two,Goles (Over/Under),2025-03-21,pinnacle:1.8800; betus:1.8800; bovada:1.8700; betonlineag:1.8700; lowvig:1.8700
Port Vale vs Morecambe,2025-03-22 10:00:00,Over 2.5,2.2,2.1145,3.4482920752844635e-05,11,0.008245467944500052,0.006461793007080027,0.00011486216653355855,11,0.015139831644483862,0.011168970305832394,nordicbet,11,0.0855,0.0657,7.57,League Two,Goles (Over/Under),2025-03-21,nordicbet:2.2000; betsson:2.2000; onexbet:2.1600; playup:2.1500; betrivers:2.1200; unibet_eu:2.1200; unibet:2.1200; tipico_de:2.1000; coolbet:2.0800; williamhill:2.0500; matchbook:1.9600
Port Vale vs Morecambe,2025-03-22 10:00:00,Under 2.5,1.7,1.6582,3.4482920752844635e-05,11,0.008245467944500089,0.006461793007080002,4.373062532845297e-05,11,0.00914890997179968,0.006682166664123407,williamhill,11,0.0418,0.0252,9.84,League Two,Goles (Over/Under),2025-03-21,williamhill:1.7000; coolbet:1.7000; onexbet:1.6700; betrivers:1.6600; unibet_eu:1.6600; unibet:1.6600; tipico_de:1.6500; nordicbet:1.6500; betsson:1.6500; playup:1.6300; matchbook:1.6100
Salford City vs Doncaster Rovers,2025-03-22 10:00:00,Over 2.5,1.87,1.8567,2.2616009990445145e-07,3,0.0006725177406080572,0.000634055806469617,1.528208497759245e-05,3,0.005510119760276235,0.005194990730188438,betsson,3,0.0133,0.0189,6.95,League Two,Goles (Over/Under),2025-03-21,betsson:1.8700; nordicbet:1.8700; playup:1.8300
Salford City vs Doncaster Rovers,2025-03-22 10:00:00,Under 2.5,1.9,1.89,2.2616009990445145e-07,3,0.0006725177406080833,0.0006340558064696356,7.951359105444275e-06,3,0.003980336511041615,0.0037526972511492396,betsson,3,0.01,0.0141,7.28,League Two,Goles (Over/Under),2025-03-21,betsson:1.9000; nordicbet:1.9000; playup:1.8700
Bradford City vs Colchester United,2025-03-22 10:00:00,Over 1.5,1.58,1.558,3.0368014005798374e-05,5,0.007651130636317877,0.005589452459195243,4.333502823463159e-05,5,0.008903796241458201,0.007645967683759114,onexbet,5,0.022,0.0214,8.75,League Two,Goles (Over/Under),2025-03-21,onexbet:1.5800; nordicbet:1.5700; matchbook:1.5700; playup:1.5500; tipico_de:1.5200
Bradford City vs Colchester United,2025-03-22 10:00:00,Under 1.5,2.35,2.306,3.0368014005798374e-05,5,0.007651130636317888,0.005589452459195243,5.979673218905315e-05,5,0.010856314239000922,0.00859899451491245,tipico_de,5,0.044,0.0561,8.34,League Two,Goles (Over/Under),2025-03-21,tipico_de:2.3500; nordicbet:2.3500; onexbet:2.3300; playup:2.3000; matchbook:2.2000
Bradford City vs Colchester United,2025-03-22 10:00:00,Over 1.75,1.78,1.775,1.2573544021176513e-05,2,0.005003774473478273,0.005003774473478273,1.2798553223790571e-06,2,0.0015869993017202932,0.0015869993017202932,betus,2,0.005,0.005,6.43,League Two,Goles (Over/Under),2025-03-21,betus:1.7800; pinnacle:1.7700
Bradford City vs Colchester United,2025-03-22 10:00:00,Under 1.75,2.06,2.025,1.2573544021176513e-05,2,0.0050037744734782175,0.0050037744734782175,3.6455707784877056e-05,2,0.008537834805093403,0.008537834805093403,pinnacle,2,0.035,0.035,5.04,League Two,Goles (Over/Under),2025-03-21,pinnacle:2.0600; betus:1.9900
Bradford City vs Colchester United,2025-03-22 10:00:00,Over 2.0,2.15,2.0775,5.210228038851942e-05,4,0.010170685742817015,0.010085064131336557,0.0001453764520180712,4,0.017037930720339135,0.01683237740625762,lowvig,4,0.0725,0.0733,3.98,League Two,Goles (Over/Under),2025-03-21,lowvig:2.1500; betonlineag:2.1500; bovada:2.0200; coolbet:1.9900
Bradford City vs Colchester United,2025-03-22 10:00:00,Under 2.0,1.76,1.75,5.210228038851942e-05,4,0.010170685742817126,0.010085064131336668,5.442666426515677e-06,4,0.0032654127481713258,0.0032654127481713258,bovada,4,0.01,0.01,7.07,League Two,Goles (Over/Under),2025-03-21,bovada:1.7600; coolbet:1.7600; lowvig:1.7400; betonlineag:1.7400
Bradford City vs Colchester United,2025-03-22 10:00:00,Over 2.5,2.75,2.7175,2.562681441576378e-05,4,0.006814535345002359,0.005901560723758997,3.264117102564338e-05,4,0.007812859298541067,0.0067661346287300195,betrivers,4,0.0325,0.0563,7.29,League Two,Goles (Over/Under),2025-03-21,betrivers:2.7500; unibet_eu:2.7500; unibet:2.7500; williamhill:2.6200
Bradford City vs Colchester United,2025-03-22 10:00:00,Under 2.5,1.44,1.4175,2.562681441576378e-05,4,0.00681453534500236,0.0059015607237589696,2.4453960216698245e-05,4,0.006397941812828321,0.005540780141843976,williamhill,4,0.0225,0.013,7.61,League Two,Goles (Over/Under),2025-03-21,williamhill:1.4400; betrivers:1.4100; unibet_eu:1.4100; unibet:1.4100
Sporting Kansas City vs Los Angeles FC,2025-03-22 19:30:00,Over 2.5,1.85,1.8082,4.480682371538662e-05,17,0.009450507536758185,0.007346300640810857,8.043520062387157e-05,17,0.012595617252051296,0.010950143458638081,betsson,17,0.0418,0.0405,6.41,MLS,Goles (Over/Under),2025-03-21,betsson:1.8500; nordicbet:1.8500; pinnacle:1.8500; matchbook:1.8500; onexbet:1.8300; betus:1.8300; lowvig:1.8300; betonlineag:1.8300; betanysports:1.8300; bovada:1.8200; playup:1.8200; coolbet:1.8000; mybookieag:1.7800; williamhill:1.7500; betrivers:1.7400; unibet_eu:1.7400; unibet:1.7400
Sporting Kansas City vs Los Angeles FC,2025-03-22 19:30:00,Under 2.5,2.06,1.9941,4.480682371538662e-05,17,0.009450507536758164,0.007346300640810838,5.884923525409515e-05,17,0.010847035190751293,0.008897362121805488,betrivers,17,0.0659,0.043,6.01,MLS,Goles (Over/Under),2025-03-21,betrivers:2.0600; unibet_eu:2.0600; unibet:2.0600; bovada:2.0200; coolbet:2.0200; matchbook:2.0200; pinnacle:2.0000; lowvig:2.0000; betonlineag:2.0000; betanysports:2.0000; onexbet:1.9800; mybookieag:1.9700; betsson:1.9600; nordicbet:1.9600; williamhill:1.9500; playup:1.9300; betus:1.9100
Crawley Town vs Bristol Rovers,2025-03-22 10:00:00,Over 2.5,1.86,1.8093,3.818447354956074e-05,15,0.00873084433642084,0.007344396494986535,7.745797056654522e-05,15,0.012366916921911858,0.010539135218508917,pinnacle,15,0.0507,0.0401,6.95,League One,Goles (Over/Under),2025-03-21,pinnacle:1.8600; betus:1.8600; matchbook:1.8600; onexbet:1.8400; williamhill:1.8300; nordicbet:1.8300; playup:1.8200; betonlineag:1.8200; lowvig:1.8200; bovada:1.8000; coolbet:1.8000; tipico_de:1.7500; unibet_eu:1.7500; betrivers:1.7500; unibet:1.7500
Crawley Town vs Bristol Rovers,2025-03-22 10:00:00,Under 2.5,2.02,1.962,3.818447354956074e-05,15,0.008730844336420804,0.007344396494986479,5.5730996254840584e-05,15,0.010553231473799175,0.008872492517358792,betonlineag,15,0.058,0.0404,6.65,League One,Goles (Over/Under),2025-03-21,betonlineag:2.0200; lowvig:2.0200; unibet_eu:2.0000; betrivers:2.0000; unibet:2.0000; matchbook:1.9800; pinnacle:1.9700; onexbet:1.9600; bovada:1.9500; nordicbet:1.9500; coolbet:1.9400; tipico_de:1.9300; playup:1.9200; williamhill:1.9100; betus:1.8800
FC Cincinnati vs Atlanta United FC,2025-03-22 13:40:00,Over 2.5,1.62,1.6,1.3978368340344593e-05,6,0.00520408418876125,0.004707413568982373,2.1714033613886633e-05,6,0.006380042534635609,0.005230852042853895,onexbet,6,0.02,0.0163,6.17,MLS,Goles (Over/Under),2025-03-21,onexbet:1.6200; williamhill:1.6200; nordicbet:1.6000; betsson:1.6000; mybookieag:1.5800; playup:1.5800
FC Cincinnati vs Atlanta United FC,2025-03-22 13:40:00,Under 2.5,2.35,2.3033,1.3978368340344593e-05,6,0.005204084188761204,0.004707413568982327,2.3836983060994937e-05,6,0.006843761526525126,0.005819678611235816,nordicbet,6,0.0467,0.0364,5.84,MLS,Goles (Over/Under),2025-03-21,nordicbet:2.3500; betsson:2.3500; playup:2.3000; mybookieag:2.2900; onexbet:2.2800; williamhill:2.2500
FC Cincinnati vs Atlanta United FC,2025-03-22 13:40:00,Over 3.0,1.96,1.9443,1.1260358141847625e-05,7,0.004745170873885788,0.003209228193895321,3.506920529300513e-05,7,0.008365670892842587,0.005799950920856342,pinnacle,7,0.0157,0.0306,4.78,MLS,Goles (Over/Under),2025-03-21,pinnacle:1.9600; lowvig:1.9600; betonlineag:1.9600; coolbet:1.9600; bovada:1.9500; betanysports:1.9500; betus:1.8700
FC Cincinnati vs Atlanta United FC,2025-03-22 13:40:00,Under 3.0,1.88,1.8686,1.1260358141847625e-05,7,0.00474517087388581,0.0032092281938953526,2.8530446745985902e-06,7,0.0023829175775687945,0.0021047915016758623,betus,7,0.0114,0.0083,6.67,MLS,Goles (Over/Under),2025-03-21,betus:1.8800; pinnacle:1.8800; bovada:1.8700; betanysports:1.8700; lowvig:1.8600; betonlineag:1.8600; coolbet:1.8600
FC Cincinnati vs Atlanta United FC,2025-03-22 13:40:00,Over 3.5,2.6,2.51,0.00010138781121829153,4,0.01382316693774117,0.011971213728836999,0.00036915867989719396,4,0.026765895034546527,0.023179945054945056,unibet,4,0.09,0.1559,6.49,MLS,Goles (Over/Under),2025-03-21,unibet:2.6000; betrivers:2.6000; unibet_eu:2.6000; matchbook:2.2400
FC Cincinnati vs Atlanta United FC,2025-03-22 13:40:00,Under 3.5,1.49,1.485,0.00010138781121829153,4,0.013823166937741266,0.011971213728837082,8.918350420837162e-06,4,0.003953912266741696,0.0034241884673332224,unibet,4,0.005,0.0087,11.76,MLS,Goles (Over/Under),2025-03-21,unibet:1.4900; betrivers:1.4900; unibet_eu:1.4900; matchbook:1.4700
Columbus Crew SC vs New York City FC,2025-03-22 18:40:00,Over 2.5,1.81,1.7582,2.5775241426797526e-05,11,0.0071596669949976315,0.0062731446049715455,2.4539835074261124e-05,11,0.0069431163485497265,0.005087678312310232,coolbet,11,0.0518,0.0217,5.75,MLS,Goles (Over/Under),2025-03-21,coolbet:1.8100; onexbet:1.7800; mybookieag:1.7700; matchbook:1.7600; nordicbet:1.7500; betsson:1.7500; williamhill:1.7500; unibet:1.7500; betrivers:1.7500; unibet_eu:1.7500; playup:1.7200
Columbus Crew SC vs New York City FC,2025-03-22 18:40:00,Under 2.5,2.14,2.0536,2.5775241426797526e-05,11,0.007159666994997616,0.006273144604971531,5.7632745472146036e-05,11,0.010730707160404987,0.008561408132199548,matchbook,11,0.0864,0.0454,4.87,MLS,Goles (Over/Under),2025-03-21,matchbook:2.1400; nordicbet:2.1000; betsson:2.1000; unibet:2.0600; betrivers:2.0600; unibet_eu:2.0600; playup:2.0500; onexbet:2.0300; coolbet:2.0100; williamhill:2.0000; mybookieag:1.9800
Columbus Crew SC vs New York City FC,2025-03-22 18:40:00,Over 2.75,2.02,1.9867,2.6607716231551713e-05,6,0.0072900142919220656,0.0067390083060678745,5.9672345904719636e-05,6,0.010921842634041423,0.009734769959745352,lowvig,6,0.0333,0.0423,4.45,MLS,Goles (Over/Under),2025-03-21,lowvig:2.0200; betonlineag:2.0200; betanysports:2.0200; bovada:2.0000; pinnacle:1.9500; betus:1.9100
Columbus Crew SC vs New York City FC,2025-03-22 18:40:00,Under 2.75,1.88,1.8333,2.6607716231551713e-05,6,0.007290014291922141,0.0067390083060679395,1.9560651562209062e-05,6,0.006233898794524675,0.00453740861832939,pinnacle,6,0.0467,0.0213,5.55,MLS,Goles (Over/Under),2025-03-21,pinnacle:1.8800; bovada:1.8300; betus:1.8300; lowvig:1.8200; betonlineag:1.8200; betanysports:1.8200
Swindon Town vs Accrington Stanley,2025-03-22 10:00:00,Over 2.5,2.03,1.9181,7.525511196657678e-05,16,0.012264040944936492,0.009888932607554461,0.00016259610398887997,16,0.01800708182985892,0.014966457212453932,lowvig,16,0.1119,0.0661,6.4,League Two,Goles (Over/Under),2025-03-21,lowvig:2.0300; betonlineag:2.0300; matchbook:1.9900; williamhill:1.9500; nordicbet:1.9500; betsson:1.9500; pinnacle:1.9400; onexbet:1.9300; bovada:1.9300; playup:1.9100; coolbet:1.8900; betus:1.8800; tipico_de:1.8500; betrivers:1.8200; unibet_eu:1.8200; unibet:1.8200
Swindon Town vs Accrington Stanley,2025-03-22 10:00:00,Under 2.5,1.9,1.8419,7.525511196657678e-05,16,0.01226404094493648,0.009888932607554461,6.368891118169421e-05,16,0.011233865395926673,0.009027832260718786,unibet,16,0.0581,0.0376,7.58,League Two,Goles (Over/Under),2025-03-21,unibet:1.9000; betrivers:1.8900; unibet_eu:1.8900; matchbook:1.8700; pinnacle:1.8600; betus:1.8600; nordicbet:1.8500; betsson:1.8500; coolbet:1.8500; onexbet:1.8300; tipico_de:1.8300; bovada:1.8200; lowvig:1.8100; betonlineag:1.8100; playup:1.8000; williamhill:1.7500
Seattle Sounders FC vs Houston Dynamo,2025-03-22 21:40:00,Over 2.25,1.85,1.8275,8.569469412238645e-06,4,0.0041359302200023925,0.0035552778107445504,7.5035764868166025e-06,4,0.0038581470320067134,0.0033412533412533474,bovada,4,0.0225,0.013,4.56,MLS,Goles (Over/Under),2025-03-21,bovada:1.8500; pinnacle:1.8200; lowvig:1.8200; betonlineag:1.8200
Seattle Sounders FC vs Houston Dynamo,2025-03-22 21:40:00,Under 2.25,2.03,2.0125,8.569469412238645e-06,4,0.004135930220002361,0.003555277810744495,1.1459179209346649e-05,4,0.004787219539883853,0.004055208476512667,pinnacle,4,0.0175,0.0192,4.21,MLS,Goles (Over/Under),2025-03-21,pinnacle:2.0300; lowvig:2.0200; betonlineag:2.0200; bovada:1.9800
Seattle Sounders FC vs Houston Dynamo,2025-03-22 21:40:00,Over 2.5,2.08,2.0527,8.903565973100598e-06,11,0.004207314055559646,0.003917274980136609,1.3173160233569694e-05,11,0.005131676178170029,0.0037398814944793316,coolbet,11,0.0273,0.0214,6.22,MLS,Goles (Over/Under),2025-03-21,coolbet:2.0800; unibet:2.0700; unibet_eu:2.0700; betrivers:2.0700; matchbook:2.0600; nordicbet:2.0500; betsson:2.0500; mybookieag:2.0500; williamhill:2.0500; onexbet:2.0300; playup:2.0000
Seattle Sounders FC vs Houston Dynamo,2025-03-22 21:40:00,Under 2.5,1.78,1.7518,8.903565973100598e-06,11,0.00420731405555966,0.003917274980136599,2.1386215349890886e-05,11,0.006474873662184348,0.0054657005450834,onexbet,11,0.0282,0.0199,6.18,MLS,Goles (Over/Under),2025-03-21,onexbet:1.7800; nordicbet:1.7800; betsson:1.7800; coolbet:1.7600; playup:1.7500; matchbook:1.7500; unibet:1.7400; unibet_eu:1.7400; betrivers:1.7400; williamhill:1.7300; mybookieag:1.7200
Grimsby Town vs Newport County,2025-03-22 10:00:00,Over 2.5,1.72,1.64,0.00012102646883860808,10,0.01540002197750183,0.013766713345644088,0.00024107687700843658,10,0.02140855877923529,0.020094222759069125,nordicbet,10,0.08,0.0576,8.39,League Two,Goles (Over/Under),2025-03-21,nordicbet:1.7200; betsson:1.7200; onexbet:1.6800; playup:1.6800; williamhill:1.6700; tipico_de:1.6200; matchbook:1.5900; unibet:1.5800; betrivers:1.5700; unibet_eu:1.5700
Grimsby Town vs Newport County,2025-03-22 10:00:00,Under 2.5,2.25,2.146,0.00012102646883860808,10,0.015400021977501899,0.01376671334564416,0.00015832447373006857,10,0.017753566855334184,0.013938657411755345,betrivers,10,0.104,0.0809,8.14,League Two,Goles (Over/Under),2025-03-21,betrivers:2.2500; unibet_eu:2.2500; unibet:2.2500; williamhill:2.1500; tipico_de:2.1500; onexbet:2.1400; nordicbet:2.1000; betsson:2.1000; playup:2.0800; matchbook:1.9900
Grimsby Town vs Newport County,2025-03-22 10:00:00,Over 2.75,1.89,1.858,2.69346496791474e-05,5,0.007338516321679815,0.006747984654741445,2.613938721586092e-05,5,0.0072079706218501245,0.006241359432848736,betus,5,0.032,0.0248,6.39,League Two,Goles (Over/Under),2025-03-21,betus:1.8900; pinnacle:1.8800; lowvig:1.8500; betonlineag:1.8500; bovada:1.8200
Grimsby Town vs Newport County,2025-03-22 10:00:00,Under 2.75,1.97,1.932,2.69346496791474e-05,5,0.007338516321679775,0.006747984654741401,5.053958167263448e-05,5,0.010044233113935434,0.008141562728656248,lowvig,5,0.038,0.0371,5.71,League Two,Goles (Over/Under),2025-03-21,lowvig:1.9700; betonlineag:1.9700; bovada:1.9300; pinnacle:1.9200; betus:1.8700
Orlando City SC vs D.C. United,2025-03-22 18:30:00,Over 2.5,1.64,1.601,2.9853260584876472e-05,10,0.007601712292895677,0.006870461700448594,7.006804171112343e-05,10,0.011467494301959431,0.010555394241445304,onexbet,10,0.039,0.0295,5.82,MLS,Goles (Over/Under),2025-03-21,onexbet:1.6400; matchbook:1.6400; nordicbet:1.6300; betsson:1.6300; playup:1.6000; mybookieag:1.5900; williamhill:1.5700; betrivers:1.5700; unibet:1.5700; unibet_eu:1.5700
Orlando City SC vs D.C. United,2025-03-22 18:30:00,Under 2.5,2.4,2.309,2.9853260584876472e-05,10,0.0076017122928956895,0.006870461700448582,4.591529875018635e-05,10,0.009495553401707626,0.007984561831188935,matchbook,10,0.091,0.0507,5.36,MLS,Goles (Over/Under),2025-03-21,matchbook:2.4000; betrivers:2.3500; unibet:2.3500; unibet_eu:2.3500; nordicbet:2.3000; betsson:2.3000; williamhill:2.3000; mybookieag:2.2600; playup:2.2500; onexbet:2.2300
Orlando City SC vs D.C. United,2025-03-22 18:30:00,Over 3.0,1.98,1.9214,1.7015816618164267e-05,7,0.005832705585709916,0.003915456166296484,2.8076504323677888e-05,7,0.007488388023281901,0.0051214700416349745,bovada,7,0.0586,0.028,4.56,MLS,Goles (Over/Under),2025-03-21,bovada:1.9800; pinnacle:1.9300; lowvig:1.9200; betonlineag:1.9200; betanysports:1.9200; betus:1.8900; coolbet:1.8900
Orlando City SC vs D.C. United,2025-03-22 18:30:00,Under 3.0,1.92,1.8886,1.7015816618164267e-05,7,0.005832705585709909,0.003915456166296476,2.5779312093234023e-05,7,0.0071652871774787125,0.006253568283643445,coolbet,7,0.0314,0.0253,4.99,MLS,Goles (Over/Under),2025-03-21,coolbet:1.9200; pinnacle:1.9000; lowvig:1.9000; betonlineag:1.9000; betanysports:1.9000; bovada:1.8500; betus:1.8500
Gillingham vs Walsall,2025-03-22 10:00:00,Over 2.25,2.03,1.998,8.973294021662496e-06,5,0.004230260393639598,0.0041317275799617305,1.5715408327532174e-05,5,0.005606036950500882,0.0038564391273750998,pinnacle,5,0.032,0.0223,5.76,League Two,Goles (Over/Under),2025-03-21,pinnacle:2.0300; bovada:2.0000; lowvig:2.0000; betonlineag:2.0000; betus:1.9600
Gillingham vs Walsall,2025-03-22 10:00:00,Under 2.25,1.83,1.802,8.973294021662496e-06,5,0.004230260393639629,0.0041317275799617635,2.7580404271797947e-05,5,0.0073821277172106264,0.006871347979445996,lowvig,5,0.028,0.024,5.67,League Two,Goles (Over/Under),2025-03-21,lowvig:1.8300; betonlineag:1.8300; pinnacle:1.7900; betus:1.7900; bovada:1.7700
Gillingham vs Walsall,2025-03-22 10:00:00,Over 2.5,2.3,2.259,2.4227195090229396e-05,10,0.006867699845579282,0.004629181468444809,6.900139372169304e-05,10,0.011698738019028073,0.007531873161163749,onexbet,10,0.041,0.0565,7.58,League Two,Goles (Over/Under),2025-03-21,onexbet:2.3000; nordicbet:2.3000; betsson:2.3000; betrivers:2.2800; unibet_eu:2.2800; unibet:2.2800; williamhill:2.2500; tipico_de:2.2500; playup:2.2500; matchbook:2.1000
Gillingham vs Walsall,2025-03-22 10:00:00,Under 2.5,1.6,1.582,2.4227195090229396e-05,10,0.006867699845579298,0.004629181468444865,2.0343713116940822e-05,10,0.006149492424407836,0.005598638955469071,williamhill,10,0.018,0.0154,10.12,League Two,Goles (Over/Under),2025-03-21,williamhill:1.6000; nordicbet:1.6000; betsson:1.6000; onexbet:1.5900; matchbook:1.5900; playup:1.5800; tipico_de:1.5700; unibet:1.5700; betrivers:1.5600; unibet_eu:1.5600
Barnsley vs Cambridge United,2025-03-22 10:00:00,Over 2.5,1.74,1.7073,3.0006306798574705e-05,11,0.007720678902058097,0.005887683151745169,2.6575594372539446e-05,11,0.0071817522194552305,0.00645726623552989,onexbet,11,0.0327,0.0209,9.55,League One,Goles (Over/Under),2025-03-21,onexbet:1.7400; williamhill:1.7300; matchbook:1.7300; betsson:1.7200; nordicbet:1.7200; tipico_de:1.7000; coolbet:1.7000; playup:1.7000; unibet_eu:1.6800; betrivers:1.6800; unibet:1.6800
Barnsley vs Cambridge United,2025-03-22 10:00:00,Under 2.5,2.1,2.06,3.0006306798574705e-05,11,0.007720678902058067,0.0058876831517451185,8.176282490322844e-05,11,0.01278475079771453,0.009339135104314066,betsson,11,0.04,0.0517,7.14,League One,Goles (Over/Under),2025-03-21,betsson:2.1000; nordicbet:2.1000; onexbet:2.0900; unibet_eu:2.0800; betrivers:2.0800; unibet:2.0800; coolbet:2.0800; playup:2.0800; williamhill:2.0500; tipico_de:2.0000; matchbook:1.9200
Barnsley vs Cambridge United,2025-03-22 10:00:00,Over 2.75,1.96,1.926,1.4717923099711856e-05,5,0.005424917066233416,0.004687200207666697,5.43550163021551e-05,5,0.010415642697001926,0.010009784799700761,lowvig,5,0.034,0.0383,5.07,League One,Goles (Over/Under),2025-03-21,lowvig:1.9600; betonlineag:1.9600; pinnacle:1.9500; bovada:1.8900; betus:1.8700
Barnsley vs Cambridge United,2025-03-22 10:00:00,Under 2.75,1.88,1.866,1.4717923099711856e-05,5,0.00542491706623344,0.004687200207666731,5.96151700033255e-06,5,0.003444103262363451,0.00321034830300444,pinnacle,5,0.014,0.012,6.67,League One,Goles (Over/Under),2025-03-21,pinnacle:1.8800; betus:1.8800; lowvig:1.8600; betonlineag:1.8600; bovada:1.8500
Peterborough United vs Charlton Athletic,2025-03-22 10:00:00,Over 2.5,1.89,1.8412,2.407135714514666e-05,16,0.0069362110977409085,0.005488917001864241,5.8744706819800055e-05,16,0.010787760678209177,0.008538479942778683,pinnacle,16,0.0487,0.036,6.39,League One,Goles (Over/Under),2025-03-21,pinnacle:1.8900; betus:1.8900; matchbook:1.8800; onexbet:1.8700; betsson:1.8700; nordicbet:1.8700; playup:1.8500; lowvig:1.8400; betonlineag:1.8400; williamhill:1.8300; bovada:1.8200; unibet_eu:1.8200; betrivers:1.8200; unibet:1.8200; coolbet:1.8000; tipico_de:1.7500
Peterborough United vs Charlton Athletic,2025-03-22 10:00:00,Under 2.5,1.99,1.9225,2.407135714514666e-05,16,0.006936211097740904,0.005488917001864227,4.6088607918354765e-05,16,0.009593657257417247,0.008088223062288055,lowvig,16,0.0675,0.0358,7.39,League One,Goles (Over/Under),2025-03-21,lowvig:1.9900; betonlineag:1.9900; matchbook:1.9700; pinnacle:1.9400; coolbet:1.9400; onexbet:1.9300; bovada:1.9300; tipico_de:1.9300; williamhill:1.9100; unibet:1.9000; betsson:1.9000; nordicbet:1.9000; unibet_eu:1.8900; betrivers:1.8900; playup:1.8800; betus:1.8700
Vancouver Whitecaps FC vs Chicago Fire,2025-03-22 21:30:00,Over 2.5,1.75,1.72,1.4022647505701994e-05,7,0.00526896602392638,0.004735591239186955,5.827246951315292e-05,7,0.010639392423303303,0.008818352176249569,onexbet,7,0.03,0.0312,5.92,MLS,Goles (Over/Under),2025-03-21,onexbet:1.7500; nordicbet:1.7500; betsson:1.7500; playup:1.7200; matchbook:1.7200; mybookieag:1.6800; williamhill:1.6700
Vancouver Whitecaps FC vs Chicago Fire,2025-03-22 21:30:00,Under 2.5,2.1,2.09,1.4022647505701994e-05,7,0.005268966023926381,0.004735591239186971,8.46876576637814e-06,7,0.004112690545763685,0.0033047258034814247,nordicbet,7,0.01,0.0177,7.5,MLS,Goles (Over/Under),2025-03-21,nordicbet:2.1000; betsson:2.1000; mybookieag:2.1000; williamhill:2.1000; matchbook:2.1000; onexbet:2.0800; playup:2.0500
Vancouver Whitecaps FC vs Chicago Fire,2025-03-22 21:30:00,Over 2.75,1.95,1.94,9.574861803153797e-06,4,0.004375750503635282,0.003760098697250927,1.0827884742394781e-05,4,0.004650425043814918,0.00402738622633908,pinnacle,4,0.01,0.0173,4.76,MLS,Goles (Over/Under),2025-03-21,pinnacle:1.9500; lowvig:1.9500; betonlineag:1.9500; bovada:1.9100
Vancouver Whitecaps FC vs Chicago Fire,2025-03-22 21:30:00,Under 2.75,1.91,1.8825,9.574861803153797e-06,4,0.004375750503635325,0.0037600986972509687,1.0561818734272337e-05,4,0.0045881952953215795,0.0038441227402887523,bovada,4,0.0275,0.0164,4.71,MLS,Goles (Over/Under),2025-03-21,bovada:1.9100; pinnacle:1.8800; lowvig:1.8700; betonlineag:1.8700
Vancouver Whitecaps FC vs Chicago Fire,2025-03-22 21:30:00,Over 3.5,2.8,2.8,0.0,3,0.0,0.0,0.0,3,0.0,0.0,unibet,3,0.0,0.0,5.64,MLS,Goles (Over/Under),2025-03-21,unibet:2.8000; unibet_eu:2.8000; betrivers:2.8000
Vancouver Whitecaps FC vs Chicago Fire,2025-03-22 21:30:00,Under 3.5,1.43,1.43,0.0,3,0.0,0.0,7.763797375001097e-17,3,1.1102230246251565e-16,1.1102230246251565e-16,unibet,3,0.0,0.0,5.64,MLS,Goles (Over/Under),2025-03-21,unibet:1.4300; unibet_eu:1.4300; betrivers:1.4300
Colorado Rapids vs Portland Timbers,2025-03-22 20:30:00,Over 2.5,1.65,1.61,1.788434437896073e-05,7,0.005887624500200204,0.005465893138710265,3.551658041684846e-05,7,0.008185500586888588,0.006572733600896925,matchbook,7,0.04,0.0214,5.45,MLS,Goles (Over/Under),2025-03-21,matchbook:1.6500; onexbet:1.6300; mybookieag:1.6100; betsson:1.6000; nordicbet:1.6000; williamhill:1.6000; playup:1.5800
Colorado Rapids vs Portland Timbers,2025-03-22 20:30:00,Under 2.5,2.35,2.29,1.788434437896073e-05,7,0.005887624500200156,0.005465893138710225,3.939791276469794e-05,7,0.008803627353827823,0.0081369130607382,betsson,7,0.06,0.0463,5.84,MLS,Goles (Over/Under),2025-03-21,betsson:2.3500; nordicbet:2.3500; matchbook:2.3200; playup:2.2800; onexbet:2.2500; williamhill:2.2500; mybookieag:2.2300
Colorado Rapids vs Portland Timbers,2025-03-22 20:30:00,Over 3.0,2.02,1.998,1.0684312784901232e-05,5,0.004618054913956632,0.004482158398607483,1.0487427975115326e-05,5,0.004579767587739392,0.0043944092901752494,bovada,5,0.022,0.0183,4.75,MLS,Goles (Over/Under),2025-03-21,bovada:2.0200; coolbet:2.0200; pinnacle:1.9900; betonlineag:1.9800; lowvig:1.9800
Colorado Rapids vs Portland Timbers,2025-03-22 20:30:00,Under 3.0,1.85,1.836,1.0684312784901232e-05,5,0.004618054913956696,0.00448215839860755,1.3625546173769718e-05,5,0.005197981705940987,0.005005357491545359,pinnacle,5,0.014,0.0174,4.56,MLS,Goles (Over/Under),2025-03-21,pinnacle:1.8500; betonlineag:1.8500; lowvig:1.8500; bovada:1.8200; coolbet:1.8100
Colorado Rapids vs Portland Timbers,2025-03-22 20:30:00,Over 3.5,2.55,2.55,0.0,3,0.0,0.0,4.3538157828437523e-17,3,5.551115123125783e-17,5.551115123125783e-17,unibet,3,0.0,0.0,5.88,MLS,Goles (Over/Under),2025-03-21,unibet:2.5500; betrivers:2.5500; unibet_eu:2.5500
Colorado Rapids vs Portland Timbers,2025-03-22 20:30:00,Under 3.5,1.5,1.5,0.0,3,0.0,0.0,-1.850371707708594e-17,3,0.0,0.0,unibet,3,0.0,0.0,5.88,MLS,Goles (Over/Under),2025-03-21,unibet:1.5000; betrivers:1.5000; unibet_eu:1.5000
Notts County vs Crewe Alexandra,2025-03-22 07:30:00,Over 2.5,1.91,1.8356,3.400258962051883e-05,16,0.008243753317271826,0.006254318061823697,3.0019023841287134e-05,16,0.007722002909688821,0.0059120075183678525,williamhill,16,0.0744,0.0265,6.41,League Two,Goles (Over/Under),2025-03-21,williamhill:1.9100; matchbook:1.8700; bovada:1.8500; betus:1.8500; coolbet:1.8500; pinnacle:1.8400; onexbet:1.8400; tipico_de:1.8300; nordicbet:1.8300; betsson:1.8300; betonlineag:1.8200; lowvig:1.8200; unibet_eu:1.8100; betrivers:1.8100; unibet:1.8100; playup:1.8000
Notts County vs Crewe Alexandra,2025-03-22 07:30:00,Under 2.5,2.02,1.9269,3.400258962051883e-05,16,0.008243753317271807,0.006254318061823704,8.27274050562115e-05,16,0.012851664507521282,0.010098077501157869,betonlineag,16,0.0931,0.0481,5.06,League Two,Goles (Over/Under),2025-03-21,betonlineag:2.0200; lowvig:2.0200; pinnacle:1.9600; matchbook:1.9600; nordicbet:1.9500; betsson:1.9500; onexbet:1.9300; unibet_eu:1.9200; betrivers:1.9200; unibet:1.9200; playup:1.9100; bovada:1.8900; betus:1.8900; coolbet:1.8900; williamhill:1.8500; tipico_de:1.8500
Fleetwood Town vs Tranmere Rovers,2025-03-22 10:00:00,Over 2.25,1.87,1.846,2.6459937505986805e-05,5,0.007272774340876112,0.006086669415051982,1.3201596290889462e-05,5,0.005120134378971922,0.004450627336527857,betus,5,0.024,0.0174,6.95,League Two,Goles (Over/Under),2025-03-21,betus:1.8700; pinnacle:1.8600; betonlineag:1.8400; lowvig:1.8400; bovada:1.8200
Fleetwood Town vs Tranmere Rovers,2025-03-22 10:00:00,Under 2.25,1.99,1.944,2.6459937505986805e-05,5,0.007272774340876097,0.006086669415051982,7.129470616320529e-05,5,0.011931665518464711,0.00973124838371826,betonlineag,5,0.046,0.0445,5.2,League Two,Goles (Over/Under),2025-03-21,betonlineag:1.9900; lowvig:1.9900; pinnacle:1.9400; bovada:1.9300; betus:1.8700
Fleetwood Town vs Tranmere Rovers,2025-03-22 10:00:00,Over 2.5,2.14,2.0618,2.9033380524731833e-05,11,0.0075736785886795195,0.005187359768423202,4.0546481933113535e-05,11,0.008999175873487466,0.007739806853220631,matchbook,11,0.0782,0.0386,8.46,League Two,Goles (Over/Under),2025-03-21,matchbook:2.1400; nordicbet:2.1000; betsson:2.1000; onexbet:2.0900; williamhill:2.0500; playup:2.0500; betrivers:2.0400; unibet_eu:2.0400; unibet:2.0400; coolbet:2.0300; tipico_de:2.0000
Fleetwood Town vs Tranmere Rovers,2025-03-22 10:00:00,Under 2.5,1.73,1.7009,2.9033380524731833e-05,11,0.0075736785886795785,0.005187359768423267,5.381436881084988e-05,11,0.010169428248713051,0.006659864023380308,coolbet,11,0.0291,0.0284,7.8,League Two,Goles (Over/Under),2025-03-21,coolbet:1.7300; nordicbet:1.7200; betsson:1.7200; onexbet:1.7100; betrivers:1.7100; unibet_eu:1.7100; unibet:1.7100; williamhill:1.7000; tipico_de:1.7000; playup:1.6800; matchbook:1.6200
Wimbledon vs Barrow,2025-03-22 10:00:00,Over 1.5,1.52,1.505,1.0568910697130905e-06,4,0.0014076805109116692,0.0012134896349320357,3.048608026343715e-05,4,0.007362826056552618,0.006638217164532917,nordicbet,4,0.015,0.0166,6.61,League Two,Goles (Over/Under),2025-03-21,nordicbet:1.5200; betsson:1.5200; onexbet:1.5000; playup:1.4800
Wimbledon vs Barrow,2025-03-22 10:00:00,Under 1.5,2.55,2.5175,1.0568910697130905e-06,4,0.0014076805109116519,0.0012134896349320218,2.228093935770893e-05,4,0.006540964801231465,0.005418834200346778,nordicbet,4,0.0325,0.0409,6.78,League Two,Goles (Over/Under),2025-03-21,nordicbet:2.5500; betsson:2.5500; onexbet:2.5200; playup:2.4500
Wimbledon vs Barrow,2025-03-22 10:00:00,Over 2.0,1.92,1.8967,3.0219693915248782e-05,6,0.0077737402859477224,0.007076351279049671,7.2550668755397485e-06,6,0.0038039618466407634,0.003381043933752733,coolbet,6,0.0233,0.0137,7.03,League Two,Goles (Over/Under),2025-03-21,coolbet:1.9200; bovada:1.9100; betus:1.8900; betonlineag:1.8900; lowvig:1.8900; pinnacle:1.8800
Wimbledon vs Barrow,2025-03-22 10:00:00,Under 2.0,1.93,1.8833,3.0219693915248782e-05,6,0.007773740285947749,0.00707635127904969,8.598945511526615e-05,6,0.013083542265800678,0.012259205297644385,betonlineag,6,0.0467,0.0461,5.0,League Two,Goles (Over/Under),2025-03-21,betonlineag:1.9300; lowvig:1.9300; pinnacle:1.9200; betus:1.8700; bovada:1.8300; coolbet:1.8200
Wimbledon vs Barrow,2025-03-22 10:00:00,Over 2.5,2.62,2.5033,5.7986493693320705e-05,6,0.010404858446741466,0.0088404172018412,0.00015487749102652978,6,0.01730345727323266,0.014193530050586425,williamhill,6,0.1167,0.1035,7.61,League Two,Goles (Over/Under),2025-03-21,williamhill:2.6200; betrivers:2.5500; unibet_eu:2.5500; unibet:2.5500; tipico_de:2.4500; matchbook:2.3000
Wimbledon vs Barrow,2025-03-22 10:00:00,Under 2.5,1.47,1.4533,5.7986493693320705e-05,6,0.010404858446741497,0.008840417201841236,1.1514659896311074e-05,6,0.004450147134228118,0.003666970033346558,tipico_de,6,0.0167,0.0094,11.51,League Two,Goles (Over/Under),2025-03-21,tipico_de:1.4700; unibet:1.4600; betrivers:1.4500; unibet_eu:1.4500; matchbook:1.4500; williamhill:1.4400
Elche vs CD Eldense,2025-03-22 10:15:00,Over 2.25,1.9,1.89,1.281662167142602e-05,6,0.005062642929971505,0.00436318210284629,7.951359105444275e-06,6,0.003980336511041615,0.0037526972511492396,pinnacle,6,0.01,0.0141,6.11,La Liga 2,Goles (Over/Under),2025-03-21,pinnacle:1.9000; betus:1.9000; lowvig:1.9000; betonlineag:1.9000; bovada:1.8700; betanysports:1.8700
Elche vs CD Eldense,2025-03-22 10:15:00,Under 2.25,1.95,1.9267,1.281662167142602e-05,6,0.005062642929971496,0.004363182102846271,3.086330368798565e-05,6,0.007847573791701376,0.006327414415649675,pinnacle,6,0.0233,0.0287,4.76,La Liga 2,Goles (Over/Under),2025-03-21,pinnacle:1.9500; bovada:1.9500; betanysports:1.9500; lowvig:1.9200; betonlineag:1.9200; betus:1.8700
Elche vs CD Eldense,2025-03-22 10:15:00,Over 2.5,2.16,2.09,1.644803660362021e-05,9,0.005706120812046382,0.004709629757415543,6.77884718071171e-05,9,0.011633664715125442,0.009810039252872875,matchbook,9,0.07,0.0503,6.18,La Liga 2,Goles (Over/Under),2025-03-21,matchbook:2.1600; onexbet:2.1500; coolbet:2.1200; nordicbet:2.1000; betsson:2.1000; williamhill:2.1000; unibet_eu:2.0400; unibet:2.0400; tipico_de:2.0000
Elche vs CD Eldense,2025-03-22 10:15:00,Under 2.5,1.7,1.69,1.644803660362021e-05,9,0.005706120812046395,0.004709629757415562,7.105275259154896e-06,9,0.0037041083290381897,0.0031247438694987175,onexbet,9,0.01,0.0105,8.82,La Liga 2,Goles (Over/Under),2025-03-21,onexbet:1.7000; tipico_de:1.7000; coolbet:1.7000; matchbook:1.7000; nordicbet:1.6900; betsson:1.6900; unibet_eu:1.6800; unibet:1.6800; williamhill:1.6700
Minnesota United FC vs LA Galaxy,2025-03-22 15:40:00,Over 2.5,1.75,1.7262,1.4108382113347895e-05,8,0.005284573893488887,0.004531051663142313,2.737817289306539e-05,8,0.007305337951968799,0.007132859193284102,onexbet,8,0.0238,0.0218,5.92,MLS,Goles (Over/Under),2025-03-21,onexbet:1.7500; nordicbet:1.7500; betsson:1.7500; matchbook:1.7400; mybookieag:1.7100; coolbet:1.7100; williamhill:1.7000; playup:1.7000
Minnesota United FC vs LA Galaxy,2025-03-22 15:40:00,Under 2.5,2.18,2.1,1.4108382113347895e-05,8,0.005284573893488893,0.00453105166314232,4.82122657722958e-05,8,0.009804250347611778,0.007880409723414736,matchbook,8,0.08,0.0439,4.7,MLS,Goles (Over/Under),2025-03-21,matchbook:2.1800; coolbet:2.1600; nordicbet:2.1000; betsson:2.1000; playup:2.0800; onexbet:2.0700; mybookieag:2.0600; williamhill:2.0500
Minnesota United FC vs LA Galaxy,2025-03-22 15:40:00,Over 2.75,1.94,1.9217,4.159661910293976e-06,6,0.0028842926742537614,0.0021186880340829015,2.0979783036425414e-05,6,0.00646864601549282,0.0047663341008027564,pinnacle,6,0.0183,0.0234,4.46,MLS,Goles (Over/Under),2025-03-21,pinnacle:1.9400; bovada:1.9300; betonlineag:1.9300; lowvig:1.9300; betanysports:1.9300; betus:1.8700
Minnesota United FC vs LA Galaxy,2025-03-22 15:40:00,Under 2.75,1.91,1.8933,4.159661910293976e-06,6,0.0028842926742537627,0.002118688034082883,2.1375505148069098e-06,6,0.0020647552356019313,0.001538977687901529,pinnacle,6,0.0167,0.0075,5.83,MLS,Goles (Over/Under),2025-03-21,pinnacle:1.9100; bovada:1.8900; betus:1.8900; betonlineag:1.8900; lowvig:1.8900; betanysports:1.8900
Minnesota United FC vs LA Galaxy,2025-03-22 15:40:00,Over 3.5,3.1,3.1,0.0,3,0.0,0.0,-3.760432825343272e-17,3,0.0,0.0,unibet,3,0.0,0.0,5.79,MLS,Goles (Over/Under),2025-03-21,unibet:3.1000; betrivers:3.1000; unibet_eu:3.1000
Minnesota United FC vs LA Galaxy,2025-03-22 15:40:00,Under 3.5,1.36,1.36,0.0,3,0.0,0.0,0.0,3,0.0,0.0,unibet,3,0.0,0.0,5.79,MLS,Goles (Over/Under),2025-03-21,unibet:1.3600; betrivers:1.3600; unibet_eu:1.3600
Wrexham AFC vs Stockport County FC,2025-03-22 10:00:00,Over 2.0,1.88,1.87,5.901551951569349e-06,6,0.0034354258722466596,0.0025805556085541728,8.310669581255837e-06,6,0.004066168954494202,0.003833620854897394,pinnacle,6,0.01,0.0141,6.67,League One,Goles (Over/Under),2025-03-21,pinnacle:1.8800; betus:1.8800; lowvig:1.8800; betonlineag:1.8800; bovada:1.8500; coolbet:1.8500
Wrexham AFC vs Stockport County FC,2025-03-22 10:00:00,Under 2.0,1.95,1.9133,5.901551951569349e-06,6,0.003435425872246627,0.002580555608554127,3.588550341858984e-05,6,0.008462117285798437,0.008202011436294824,pinnacle,6,0.0367,0.0309,5.34,League One,Goles (Over/Under),2025-03-21,pinnacle:1.9500; lowvig:1.9400; betonlineag:1.9400; bovada:1.8900; coolbet:1.8900; betus:1.8700
Wrexham AFC vs Stockport County FC,2025-03-22 10:00:00,Over 2.5,2.52,2.48,2.084679073874541e-05,9,0.0062556466960471836,0.005321639880495542,1.0392428246464603e-05,9,0.004473135000488186,0.004344783180761992,onexbet,9,0.04,0.0275,9.13,League One,Goles (Over/Under),2025-03-21,onexbet:2.5200; williamhill:2.5000; unibet_eu:2.5000; betrivers:2.5000; unibet:2.5000; tipico_de:2.4500; betsson:2.4500; nordicbet:2.4500; playup:2.4500
Wrexham AFC vs Stockport County FC,2025-03-22 10:00:00,Under 2.5,1.53,1.4944,2.084679073874541e-05,9,0.006255646696047141,0.005321639880495499,0.0001025667609541677,9,0.013449205952057565,0.01215010470174522,betsson,9,0.0356,0.0299,6.18,League One,Goles (Over/Under),2025-03-21,betsson:1.5300; nordicbet:1.5300; onexbet:1.5200; playup:1.5200; unibet_eu:1.4800; betrivers:1.4800; unibet:1.4800; tipico_de:1.4700; williamhill:1.4400
Gwangju FC vs Pohang Steelers,2025-03-22 02:30:00,Over 2.25,2.0,1.9775,1.0819011405411167e-05,4,0.004648811227060115,0.004522962333272637,2.7510086654525345e-05,4,0.007415977394081546,0.006169205003401929,betonlineag,4,0.0225,0.0286,4.95,K League 1,Goles (Over/Under),2025-03-21,betonlineag:2.0000; lowvig:2.0000; pinnacle:1.9800; bovada:1.9300
Gwangju FC vs Pohang Steelers,2025-03-22 02:30:00,Under 2.25,1.89,1.8425,1.0819011405411167e-05,4,0.004648811227060079,0.0045229623332725954,3.250992335668707e-05,4,0.00803907816816511,0.006880642126543712,pinnacle,4,0.0475,0.0277,4.72,K League 1,Goles (Over/Under),2025-03-21,pinnacle:1.8900; betonlineag:1.8300; lowvig:1.8300; bovada:1.8200
Gwangju FC vs Pohang Steelers,2025-03-22 02:30:00,Over 2.5,2.23,2.18,1.9703988447143836e-06,10,0.00196417763602754,0.0015924788965397008,1.5989692805456222e-05,10,0.005635177975877841,0.005065060668441823,onexbet,10,0.05,0.0268,6.95,K League 1,Goles (Over/Under),2025-03-21,onexbet:2.2300; williamhill:2.2000; playup:2.2000; nordicbet:2.1900; betsson:2.1900; coolbet:2.1900; tipico_de:2.1500; unibet:2.1500; betrivers:2.1500; unibet_eu:2.1500
Gwangju FC vs Pohang Steelers,2025-03-22 02:30:00,Under 2.5,1.66,1.629,1.9703988447143836e-06,10,0.0019641776360275484,0.0015924788965396952,2.288109987791012e-05,10,0.006591258841628628,0.005639722279554449,coolbet,10,0.031,0.0176,6.75,K League 1,Goles (Over/Under),2025-03-21,coolbet:1.6600; onexbet:1.6500; playup:1.6500; nordicbet:1.6300; betsson:1.6300; williamhill:1.6200; tipico_de:1.6200; unibet:1.6100; betrivers:1.6100; unibet_eu:1.6100
Carlisle United vs Bromley FC,2025-03-22 10:00:00,Over 2.25,1.82,1.806,2.4386089884960403e-05,5,0.006975200753443686,0.006059111701946418,3.019398751551649e-06,5,0.0024436976368806627,0.0022018497156618853,betus,5,0.014,0.008,6.76,League Two,Goles (Over/Under),2025-03-21,betus:1.8200; pinnacle:1.8100; bovada:1.8000; betonlineag:1.8000; lowvig:1.8000
Carlisle United vs Bromley FC,2025-03-22 10:00:00,Under 2.25,2.05,1.996,2.4386089884960403e-05,5,0.006975200753443638,0.00605911170194634,7.822597906155068e-05,5,0.01250644341149849,0.011331693707530954,betonlineag,5,0.054,0.0496,4.34,League Two,Goles (Over/Under),2025-03-21,betonlineag:2.0500; lowvig:2.0500; pinnacle:2.0000; bovada:1.9500; betus:1.9300
Carlisle United vs Bromley FC,2025-03-22 10:00:00,Over 2.5,2.06,2.0145,1.742971860764132e-05,11,0.0058886410044937595,0.005101552055140462,2.7737693061043135e-05,11,0.007447531131234157,0.005794275159554698,matchbook,11,0.0455,0.03,7.37,League Two,Goles (Over/Under),2025-03-21,matchbook:2.0600; williamhill:2.0500; onexbet:2.0400; betrivers:2.0200; unibet_eu:2.0200; unibet:2.0200; coolbet:2.0200; nordicbet:2.0000; betsson:2.0000; playup:1.9800; tipico_de:1.9500
Carlisle United vs Bromley FC,2025-03-22 10:00:00,Under 2.5,1.78,1.7436,1.742971860764132e-05,11,0.005888641004493777,0.0051015520551404925,2.6414782465348626e-05,11,0.007188363031774341,0.005479930895232506,nordicbet,11,0.0364,0.0219,7.46,League Two,Goles (Over/Under),2025-03-21,nordicbet:1.7800; betsson:1.7800; onexbet:1.7500; tipico_de:1.7500; playup:1.7500; coolbet:1.7400; matchbook:1.7400; betrivers:1.7300; unibet_eu:1.7300; unibet:1.7300; williamhill:1.7000
New York Red Bulls vs Toronto FC,2025-03-22 18:30:00,Over 2.5,1.91,1.854,6.405991484681803e-05,15,0.011316584263817596,0.009825052899619605,5.701887602121133e-05,15,0.010649236326437675,0.009570543408436948,williamhill,15,0.056,0.037,6.41,MLS,Goles (Over/Under),2025-03-21,williamhill:1.9100; unibet:1.9100; betrivers:1.9100; unibet_eu:1.9100; matchbook:1.8800; onexbet:1.8400; coolbet:1.8400; bovada:1.8300; nordicbet:1.8300; betsson:1.8300; betus:1.8300; pinnacle:1.8300; mybookieag:1.8300; betanysports:1.8300; playup:1.8000
New York Red Bulls vs Toronto FC,2025-03-22 18:30:00,Under 2.5,2.02,1.9447,6.405991484681803e-05,15,0.01131658426381766,0.009825052899619654,0.00011614821681941203,15,0.015228647823137296,0.013853886264058065,matchbook,15,0.0753,0.0569,5.06,MLS,Goles (Over/Under),2025-03-21,matchbook:2.0200; pinnacle:2.0100; bovada:2.0000; betanysports:2.0000; nordicbet:1.9800; betsson:1.9800; coolbet:1.9800; onexbet:1.9700; playup:1.9500; betus:1.9100; mybookieag:1.9100; unibet:1.8700; betrivers:1.8700; unibet_eu:1.8700; williamhill:1.8500
Philadelphia Union vs St. Louis City SC,2025-03-22 18:40:00,Over 2.5,1.68,1.6586,6.291696606020669e-06,7,0.003511441538628355,0.002990879574662153,3.902300627276284e-05,7,0.008634872841767203,0.007910853632706525,betsson,7,0.0214,0.0236,6.04,MLS,Goles (Over/Under),2025-03-21,betsson:1.6800; nordicbet:1.6800; matchbook:1.6800; onexbet:1.6700; playup:1.6500; mybookieag:1.6300; williamhill:1.6200
Philadelphia Union vs St. Louis City SC,2025-03-22 18:40:00,Under 2.5,2.22,2.1929,6.291696606020669e-06,7,0.0035114415386283365,0.0029908795746621136,8.703289586366252e-06,7,0.004157508573460539,0.002905008593808505,matchbook,7,0.0271,0.0198,6.77,MLS,Goles (Over/Under),2025-03-21,matchbook:2.2200; betsson:2.2000; nordicbet:2.2000; williamhill:2.2000; onexbet:2.1900; mybookieag:2.1900; playup:2.1500
Philadelphia Union vs St. Louis City SC,2025-03-22 18:40:00,Over 2.75,1.84,1.83,1.6974002662679397e-05,6,0.005823245091411959,0.004219547181097812,1.499171534074276e-06,6,0.001724068370242432,0.0009990075920225938,betus,6,0.01,0.0058,6.98,MLS,Goles (Over/Under),2025-03-21,betus:1.8400; pinnacle:1.8300; lowvig:1.8300; betonlineag:1.8300; betanysports:1.8300; bovada:1.8200
Philadelphia Union vs St. Louis City SC,2025-03-22 18:40:00,Under 2.75,2.02,1.9883,1.6974002662679397e-05,6,0.00582324509141191,0.004219547181097812,5.536145581439508e-05,6,0.010518407252521208,0.007723166922610029,bovada,6,0.0317,0.0402,4.45,MLS,Goles (Over/Under),2025-03-21,bovada:2.0200; pinnacle:2.0100; lowvig:2.0000; betonlineag:2.0000; betanysports:2.0000; betus:1.9000
Philadelphia Union vs St. Louis City SC,2025-03-22 18:40:00,Over 3.5,2.85,2.85,0.0,3,0.0,0.0,0.0,3,0.0,0.0,betrivers,3,0.0,0.0,5.51,MLS,Goles (Over/Under),2025-03-21,betrivers:2.8500; unibet:2.8500; unibet_eu:2.8500
Philadelphia Union vs St. Louis City SC,2025-03-22 18:40:00,Under 3.5,1.42,1.42,0.0,3,0.0,0.0,0.0,3,0.0,0.0,betrivers,3,0.0,0.0,5.51,MLS,Goles (Over/Under),2025-03-21,betrivers:1.4200; unibet:1.4200; unibet_eu:1.4200
Granada CF vs Oviedo,2025-03-22 15:00:00,Over 1.5,1.51,1.5,1.4651490280817502e-07,3,0.0005259975273097106,0.0004959152245974282,2.2605889853327503e-05,3,0.006328143737126758,0.005966231131794027,nordicbet,3,0.01,0.0141,8.07,La Liga 2,Goles (Over/Under),2025-03-21,nordicbet:1.5100; betsson:1.5100; onexbet:1.4800
Granada CF vs Oviedo,2025-03-22 15:00:00,Under 1.5,2.45,2.43,1.4651490280817502e-07,3,0.0005259975273097106,0.0004959152245974097,1.2028441891724827e-05,3,0.0048303767820787255,0.004554122904391907,nordicbet,3,0.02,0.0283,8.38,La Liga 2,Goles (Over/Under),2025-03-21,nordicbet:2.4500; betsson:2.4500; onexbet:2.3900
Granada CF vs Oviedo,2025-03-22 15:00:00,Over 2.0,2.01,1.9529,1.3007576042250955e-05,7,0.00509870145184782,0.004489835078216082,4.1426728266385354e-05,7,0.00909784454514308,0.00684348377448358,pinnacle,7,0.0571,0.0345,3.81,La Liga 2,Goles (Over/Under),2025-03-21,pinnacle:2.0100; betonlineag:1.9700; lowvig:1.9700; bovada:1.9500; betanysports:1.9500; coolbet:1.9300; betus:1.8900
Granada CF vs Oviedo,2025-03-22 15:00:00,Under 2.0,1.88,1.86,1.3007576042250955e-05,7,0.005098701451847812,0.00448983507821605,5.9626749502476145e-06,7,0.003443911053154675,0.003296001865642479,coolbet,7,0.02,0.012,6.1,La Liga 2,Goles (Over/Under),2025-03-21,coolbet:1.8800; bovada:1.8700; betanysports:1.8700; pinnacle:1.8500; betus:1.8500; betonlineag:1.8500; lowvig:1.8500
Granada CF vs Oviedo,2025-03-22 15:00:00,Over 2.5,2.65,2.575,4.1322025249499535e-05,4,0.008714063233509954,0.008695535827194248,6.743461431605409e-05,4,0.01132075471698113,0.01132075471698113,unibet,4,0.075,0.075,8.16,La Liga 2,Goles (Over/Under),2025-03-21,unibet:2.6500; unibet_eu:2.6500; tipico_de:2.5000; williamhill:2.5000
Granada CF vs Oviedo,2025-03-22 15:00:00,Under 2.5,1.45,1.4325,4.1322025249499535e-05,4,0.008714063233509964,0.008695535827194262,2.3656791321121224e-05,4,0.00631886910930275,0.006087771841778666,tipico_de,4,0.0175,0.013,8.97,La Liga 2,Goles (Over/Under),2025-03-21,tipico_de:1.4500; williamhill:1.4400; unibet:1.4200; unibet_eu:1.4200
Lincoln City vs Exeter City,2025-03-22 10:00:00,Over 2.25,2.02,1.956,5.487054305869975e-05,5,0.010470753067871342,0.009335436720142542,0.00012305381685040435,5,0.015678720010024946,0.013948201605702005,lowvig,5,0.064,0.0595,4.45,League One,Goles (Over/Under),2025-03-21,lowvig:2.0200; betonlineag:2.0200; pinnacle:1.9600; bovada:1.9100; betus:1.8700
Lincoln City vs Exeter City,2025-03-22 10:00:00,Under 2.25,1.88,1.846,5.487054305869975e-05,5,0.010470753067871414,0.009335436720142632,3.363135410117133e-05,5,0.008174237342545942,0.00793672087707662,pinnacle,5,0.034,0.028,6.67,League One,Goles (Over/Under),2025-03-21,pinnacle:1.8800; betus:1.8800; bovada:1.8300; lowvig:1.8200; betonlineag:1.8200
Lincoln City vs Exeter City,2025-03-22 10:00:00,Over 2.5,2.23,2.186,1.8490850535074999e-06,10,0.001902591902926029,0.001495603406322593,1.1058940035697448e-05,10,0.0046853270384464496,0.004182193996463713,onexbet,10,0.044,0.0224,6.57,League One,Goles (Over/Under),2025-03-21,onexbet:2.2300; williamhill:2.2000; betsson:2.2000; nordicbet:2.2000; playup:2.2000; unibet_eu:2.1700; betrivers:2.1700; unibet:2.1700; coolbet:2.1700; tipico_de:2.1500
Lincoln City vs Exeter City,2025-03-22 10:00:00,Under 2.5,1.65,1.632,1.8490850535074999e-06,10,0.0019025919029259967,0.0014956034063225766,1.297616781404277e-05,10,0.004965242195649225,0.0046407849590052955,onexbet,10,0.018,0.0133,7.12,League One,Goles (Over/Under),2025-03-21,onexbet:1.6500; betsson:1.6500; nordicbet:1.6500; coolbet:1.6400; playup:1.6300; williamhill:1.6200; tipico_de:1.6200; unibet_eu:1.6200; betrivers:1.6200; unibet:1.6200
